time,teleseismic,local_event_rate_state,local_event_rate_response,CO2_3,pressure_drop,rainfall_mm
2008-04-11 14:00:00+00:00,1.0849264972030012e-07,1.0986122886681098,0.0,0.087649,0.7295440000000326,0.0
2008-04-11 15:00:00+00:00,1.1168451354815108e-07,1.0986122886681098,0.0,0.088653,0.486362999999983,0.0
2008-04-11 16:00:00+00:00,4.522414062629596e-07,1.0986122886681098,0.0,0.079621,0.057218999999918196,0.0
2008-04-11 17:00:00+00:00,2.5206503974169223e-07,1.0986122886681098,0.0,0.092165,0.47205800000006093,0.0
2008-04-11 18:00:00+00:00,8.128987061827082e-07,1.0986122886681098,0.0,0.087649,0.04291399999999612,0.0
2008-04-11 19:00:00+00:00,4.2473827487864084e-07,1.0986122886681098,0.0,0.095677,-0.486362999999983,0.0
2008-04-11 20:00:00+00:00,1.3608080154220178e-07,1.0986122886681098,0.0,0.087148,-0.42914300000006733,0.0
2008-04-11 21:00:00+00:00,1.434444233604542e-07,1.0986122886681098,0.0,0.09919,0.1573520000000599,0.0
2008-04-11 22:00:00+00:00,1.2425721328399236e-07,1.0986122886681098,0.0,0.102702,0.4434489999999869,0.0
2008-04-11 23:00:00+00:00,1.276837818752614e-07,1.0986122886681098,0.0,0.094674,0.21457199999997556,0.0
2008-04-12 00:00:00+00:00,1.2564665953740246e-05,1.0986122886681098,0.0,0.110228,-0.07152399999995396,0.0
2008-04-12 01:00:00+00:00,6.323182948798106e-06,1.0986122886681098,0.0,0.1022,0.11443799999995008,0.0
2008-04-12 02:00:00+00:00,9.794758666939773e-06,1.0986122886681098,0.0,0.109727,0.31470500000000357,0.0
2008-04-12 03:00:00+00:00,7.913959706983779e-07,1.0986122886681098,0.0,0.106214,0.20026700000005349,0.0
2008-04-12 04:00:00+00:00,2.0103523021352312e-07,1.0986122886681098,0.0,0.105713,-0.028609000000074047,0.0
2008-04-12 05:00:00+00:00,3.262951844262395e-07,1.0986122886681098,0.0,0.118256,0.21457100000009177,0.0
2008-04-12 06:00:00+00:00,1.20483016788099e-07,1.0986122886681098,0.0,0.109727,-1.2159060000000181,0.0
2008-04-12 07:00:00+00:00,1.2971145823470275e-07,1.0986122886681098,0.0,0.109225,-0.6723250000000007,0.0
2008-04-12 08:00:00+00:00,1.239321068689231e-07,1.0986122886681098,0.0,0.109727,-0.7152399999999943,0.0
2008-04-12 09:00:00+00:00,1.4516404602666721e-07,1.0986122886681098,0.0,0.110228,-0.8725920000000542,0.0
2008-04-12 10:00:00+00:00,1.372216376166334e-07,1.0986122886681098,0.0,0.107218,-0.27179100000000744,0.0
2008-04-12 11:00:00+00:00,1.5580275601435646e-07,1.0986122886681098,0.0,0.099691,-0.4005339999999933,0.0
2008-04-12 12:00:00+00:00,1.638437106856146e-07,1.0986122886681098,0.0,0.099691,0.014305000000035761,0.0
2008-04-12 13:00:00+00:00,1.8796118847377863e-07,1.0986122886681098,0.0,0.096179,0.08582899999998972,0.0
2008-04-12 14:00:00+00:00,2.1457258856709675e-07,1.0986122886681098,0.0,0.088151,0.100133000000028,0.0
2008-04-12 15:00:00+00:00,2.516130895677322e-07,1.0986122886681098,0.0,0.096179,-0.17165699999998196,0.0
2008-04-12 16:00:00+00:00,2.9843916645279677e-07,1.0986122886681098,0.0,0.095677,0.0143039999999246,0.0
2008-04-12 17:00:00+00:00,2.827989428742647e-07,1.0986122886681098,0.6931471805599453,0.087148,-0.37192399999992176,0.0
2008-04-12 18:00:00+00:00,3.0549081454331886e-07,1.0986122886681098,1.0986122886681098,0.098688,-0.41483900000002905,0.0
2008-04-12 19:00:00+00:00,3.0232723713236273e-07,1.0986122886681098,1.0986122886681098,0.1022,-1.0156400000000758,0.0
2008-04-12 20:00:00+00:00,3.118194132970323e-07,1.0986122886681098,1.0986122886681098,0.098186,-0.48636199999998553,0.0
2008-04-12 21:00:00+00:00,2.99783832764547e-07,1.0986122886681098,1.0986122886681098,0.106214,-0.5292779999999766,0.0
2008-04-12 22:00:00+00:00,2.812734778482477e-07,1.0986122886681098,1.0986122886681098,0.109727,0.028610000000071523,0.0
2008-04-12 23:00:00+00:00,2.4544219047046487e-07,1.3862943611198906,1.0986122886681098,0.126285,-0.4434480000001031,0.0
2008-04-13 00:00:00+00:00,2.5566941599651744e-07,1.6094379124341003,0.6931471805599453,0.117755,0.08582799999999224,0.0
2008-04-13 01:00:00+00:00,2.396617888660767e-07,1.6094379124341003,0.6931471805599453,0.121267,0.12874300000009953,0.2
2008-04-13 02:00:00+00:00,2.2837372840361323e-07,1.6094379124341003,0.6931471805599453,0.116751,-0.1430480000000216,0.7
2008-04-13 03:00:00+00:00,1.9996684144139155e-07,1.6094379124341003,0.6931471805599453,0.124779,0.35761999999999716,0.5
2008-04-13 04:00:00+00:00,1.8678796751440695e-07,1.6094379124341003,0.6931471805599453,0.123776,0.12874299999998584,0.0
2008-04-13 05:00:00+00:00,1.794694001821935e-07,1.6094379124341003,0.6931471805599453,0.117253,-0.31470500000000357,0.9
2008-04-13 06:00:00+00:00,1.8565872079383202e-07,1.6094379124341003,0.6931471805599453,0.116249,-0.658019999999965,0.1
2008-04-13 07:00:00+00:00,1.796718738336522e-07,1.3862943611198906,0.6931471805599453,0.116249,-1.0442500000000337,1.1
2008-04-13 08:00:00+00:00,2.0307666324467752e-07,1.3862943611198906,1.0986122886681098,0.128793,-0.9012010000000146,1.2
2008-04-13 09:00:00+00:00,1.8997844467767467e-07,1.3862943611198906,1.0986122886681098,0.109727,-0.6151059999999688,1.7
2008-04-13 10:00:00+00:00,2.0376779174323487e-07,1.3862943611198906,0.7520386983881371,0.138828,-0.45775300000002517,0.6
2008-04-13 11:00:00+00:00,1.932390610488119e-07,1.6094379124341003,0.0,0.110228,-0.10013400000002548,0.7
2008-04-13 12:00:00+00:00,1.8737456780281088e-07,1.6094379124341003,0.0,0.105713,-0.2574859999999717,0.2
2008-04-13 13:00:00+00:00,2.0668240497548937e-07,1.6094379124341003,0.0,0.106214,0.5435820000000149,0.0
2008-04-13 14:00:00+00:00,2.0186676444451766e-07,1.791759469228055,0.0,0.103204,0.7295440000000326,0.0
2008-04-13 15:00:00+00:00,1.967794535939232e-07,1.791759469228055,0.0,0.1022,0.5149719999999434,0.0
2008-04-13 16:00:00+00:00,1.9582184331352144e-07,1.791759469228055,0.0,0.098186,0.0429149999999936,0.0
2008-04-13 17:00:00+00:00,1.856400216183801e-07,1.791759469228055,0.0,0.101698,0.5006670000000213,0.0
2008-04-13 18:00:00+00:00,1.613947213156454e-07,1.791759469228055,0.0,0.101698,0.3290100000000393,0.0
2008-04-13 19:00:00+00:00,1.67271257949265e-07,1.791759469228055,0.0,0.108723,-0.20026700000005349,0.0
2008-04-13 20:00:00+00:00,1.6331002544126706e-07,1.791759469228055,0.0,0.120765,-0.1430480000000216,0.0
2008-04-13 21:00:00+00:00,1.3927071094443187e-07,1.791759469228055,0.0,0.112235,-0.07152299999995648,0.0
2008-04-13 22:00:00+00:00,1.6571809715548257e-07,1.9459101490553132,0.0,0.125281,0.05721900000003188,0.0
2008-04-13 23:00:00+00:00,1.358133259188284e-07,1.9459101490553132,0.0,0.115748,-0.07152400000006764,0.0
2008-04-14 00:00:00+00:00,1.2782278199746988e-07,1.9459101490553132,0.0,0.128292,0.6008010000000468,0.0
2008-04-14 01:00:00+00:00,1.3278195607170645e-07,1.9459101490553132,0.0,0.132306,0.5149719999999434,0.0
2008-04-14 02:00:00+00:00,1.368321749010538e-07,1.9459101490553132,0.0,0.131302,0.4291440000000648,0.0
2008-04-14 03:00:00+00:00,1.1839228784125964e-07,1.9459101490553132,0.0,0.132807,0.5292769999999791,0.0
2008-04-14 04:00:00+00:00,1.2204790448424125e-07,1.9459101490553132,0.0,0.132306,-0.6294110000000046,0.0
2008-04-14 05:00:00+00:00,1.2277626297612303e-07,1.9459101490553132,0.0,0.127288,0.24318200000004708,0.0
2008-04-14 06:00:00+00:00,1.2881530801922205e-07,1.9459101490553132,0.0,0.135316,-0.5292780000000903,0.0
2008-04-14 07:00:00+00:00,1.1916275485052853e-07,1.9459101490553132,0.0,0.132306,-0.6294100000000071,0.0
2008-04-14 08:00:00+00:00,1.1638670070526012e-07,1.9459101490553132,0.0,0.131804,-0.2574859999999717,0.1
2008-04-14 09:00:00+00:00,1.1183617556027477e-07,1.9459101490553132,0.0,0.126786,0.04291399999999612,0.3
2008-04-14 10:00:00+00:00,2.4410778322657786e-07,1.9459101490553132,0.0,0.12779,-0.0,0.2
2008-04-14 11:00:00+00:00,1.1568300571054241e-07,1.9459101490553132,0.0,0.131804,0.18596200000001772,0.4
2008-04-14 12:00:00+00:00,1.1401797459706276e-07,1.9459101490553132,0.0,0.135818,-0.11443799999995008,0.6
2008-04-14 13:00:00+00:00,1.0771999149442999e-07,1.9459101490553132,0.0,0.12779,0.7581539999999904,0.6
2008-04-14 14:00:00+00:00,9.941137572680852e-08,1.9459101490553132,0.0,0.119762,0.14304799999990792,0.2
2008-04-14 15:00:00+00:00,1.0526291375268073e-07,1.9459101490553132,0.0,0.12779,0.05721900000003188,0.3
2008-04-14 16:00:00+00:00,9.509013154485647e-08,1.9459101490553132,0.0,0.11926,-0.3719250000000329,0.0
2008-04-14 17:00:00+00:00,1.267970451297437e-07,1.9459101490553132,0.0,0.12779,0.5864970000000085,0.0
2008-04-14 18:00:00+00:00,1.0417952056381814e-07,1.9459101490553132,0.0,0.123274,-0.0,0.0
2008-04-14 19:00:00+00:00,1.1711360425030829e-07,1.9459101490553132,0.0,0.12779,-0.5292779999999766,0.0
2008-04-14 20:00:00+00:00,1.2044789942846616e-07,1.9459101490553132,0.0,0.126786,-0.08582799999999224,0.0
2008-04-14 21:00:00+00:00,1.1371065949188676e-07,1.9459101490553132,0.0,0.130299,0.21457099999997808,0.0
2008-04-14 22:00:00+00:00,1.0906661106629758e-07,1.9459101490553132,0.0,0.135316,-0.0,0.0
2008-04-14 23:00:00+00:00,1.242538975022886e-07,1.791759469228055,0.0,0.135316,0.20026800000005096,0.0
2008-04-15 00:00:00+00:00,1.367170654462758e-07,1.6094379124341003,0.0,0.135316,0.48636199999998553,0.0
2008-04-15 01:00:00+00:00,1.1997389014412272e-07,1.6094379124341003,0.0,0.126786,0.6866300000000365,0.0
2008-04-15 02:00:00+00:00,1.1114060794679275e-07,1.6094379124341003,0.0,0.134814,0.31470500000000357,0.0
2008-04-15 03:00:00+00:00,3.81585272018811e-07,1.6094379124341003,0.0,0.134814,0.5149729999999408,0.0
2008-04-15 04:00:00+00:00,1.464364800473859e-07,1.6094379124341003,0.0,0.125783,0.1573520000000599,0.0
2008-04-15 05:00:00+00:00,1.4170175750991383e-07,1.3862943611198906,0.0,0.138828,-0.0,0.0
2008-04-15 06:00:00+00:00,1.228636198927746e-07,1.3862943611198906,0.0,0.133811,-0.686629000000039,0.0
2008-04-15 07:00:00+00:00,1.3200060886084154e-07,1.3862943611198906,0.0,0.146857,-0.6294110000000046,0.0
2008-04-15 08:00:00+00:00,1.4799811122894968e-07,1.3862943611198906,0.0,0.126285,-0.5721919999999727,0.0
2008-04-15 09:00:00+00:00,1.4997427353041582e-07,1.3862943611198906,0.0,0.139832,-0.3862290000000712,0.0
2008-04-15 10:00:00+00:00,1.5971662819709337e-07,1.3862943611198906,0.0,0.115246,-1.0442489999999225,0.0
2008-04-15 11:00:00+00:00,1.8493514810489642e-07,1.0986122886681098,0.6931471805599453,0.131302,-0.08582899999998972,0.0
2008-04-15 12:00:00+00:00,1.970743329482228e-07,1.0986122886681098,0.6931471805599453,0.140835,0.7295439999999189,0.0
2008-04-15 13:00:00+00:00,2.3163449971442068e-07,1.0986122886681098,0.6931471805599453,0.140835,0.22887700000001132,0.0
2008-04-15 14:00:00+00:00,2.363042492682496e-07,0.6931471805599453,0.6931471805599453,0.135818,0.07152400000006764,0.0
2008-04-15 15:00:00+00:00,2.934435284769372e-07,0.6931471805599453,0.6931471805599453,0.132306,-0.08582899999998972,0.0
2008-04-15 16:00:00+00:00,3.9438751923417695e-07,0.6931471805599453,0.6931471805599453,0.126786,-0.12874300000009953,0.0
2008-04-15 17:00:00+00:00,4.4614224601887464e-07,1.0986122886681098,0.0,0.127288,0.2431810000000496,0.0
2008-04-15 18:00:00+00:00,4.818236940019892e-07,1.0986122886681098,0.0,0.1308,0.12874299999998584,0.0
2008-04-15 19:00:00+00:00,5.725630446968805e-07,1.0986122886681098,0.0,0.127288,-0.48636199999998553,0.0
2008-04-15 20:00:00+00:00,5.211563383582502e-07,1.0986122886681098,0.0,0.127288,-0.4434489999999869,0.0
2008-04-15 21:00:00+00:00,6.246731676941907e-07,1.0986122886681098,0.0,0.135316,-0.42914300000006733,0.0
2008-04-15 22:00:00+00:00,5.40035123354652e-07,0.6931471805599453,0.0,0.129797,-0.557886999999937,0.0
2008-04-15 23:00:00+00:00,3.4806648261815806e-06,0.6931471805599453,0.0,0.142843,0.12874299999998584,0.0
2008-04-16 00:00:00+00:00,2.1438389499476696e-06,0.6931471805599453,0.0,0.134313,-0.028609999999957836,0.0
2008-04-16 01:00:00+00:00,9.93070622101929e-07,0.6931471805599453,0.0,0.142843,0.2860959999999295,0.0
2008-04-16 02:00:00+00:00,1.607158392356489e-06,0.6931471805599453,0.0,0.142843,0.3290100000000393,0.0
2008-04-16 03:00:00+00:00,5.558654997047448e-07,0.6931471805599453,0.0,0.142341,0.08582899999998972,0.0
2008-04-16 04:00:00+00:00,4.85141487647319e-07,0.6931471805599453,0.0,0.146355,-0.18596200000001772,0.0
2008-04-16 05:00:00+00:00,5.225375183170935e-07,0.6931471805599453,0.0,0.146355,-0.6008009999999331,0.0
2008-04-16 06:00:00+00:00,4.022930068557952e-06,0.6931471805599453,0.0,0.150871,-0.7438490000000684,0.0
2008-04-16 07:00:00+00:00,1.9658191584564713e-06,0.6931471805599453,0.0,0.137323,-0.901202000000012,0.0
2008-04-16 08:00:00+00:00,4.7652280529167785e-07,0.6931471805599453,0.0,0.150369,-0.6008009999999331,0.0
2008-04-16 09:00:00+00:00,3.9892852307404744e-07,0.6931471805599453,0.0,0.13933,-0.15735300000005736,0.0
2008-04-16 10:00:00+00:00,3.4355227126782034e-07,0.6931471805599453,0.0,0.146857,-0.24318099999993592,0.0
2008-04-16 11:00:00+00:00,3.9049168861589384e-07,0.6931471805599453,0.0,0.142843,0.3004009999999653,0.0
2008-04-16 12:00:00+00:00,3.1957979385912783e-07,0.6931471805599453,0.0,0.131302,0.05721900000003188,0.0
2008-04-16 13:00:00+00:00,3.0274580594713404e-07,0.6931471805599453,0.0,0.142341,0.08582799999999224,0.0
2008-04-16 14:00:00+00:00,2.544544842451953e-07,0.6931471805599453,0.0,0.126285,0.8153730000000223,0.0
2008-04-16 15:00:00+00:00,2.2786994349463195e-07,0.6931471805599453,0.0,0.114242,0.41483899999991536,0.0
2008-04-16 16:00:00+00:00,2.0578440439500793e-07,0.6931471805599453,0.0,0.118256,-0.11443799999995008,0.0
2008-04-16 17:00:00+00:00,1.882084615346151e-07,0.6931471805599453,0.0,0.125783,0.9727249999999685,0.0
2008-04-16 18:00:00+00:00,1.5745834438169648e-07,0.6931471805599453,0.0,0.126285,-0.1573519999999462,0.0
2008-04-16 19:00:00+00:00,2.3666678142921027e-07,0.6931471805599453,0.0,0.130299,-0.20026700000005349,0.0
2008-04-16 20:00:00+00:00,1.4459016952402099e-07,0.6931471805599453,0.0,0.126285,0.100133000000028,0.0
2008-04-16 21:00:00+00:00,1.452638849216681e-07,0.6931471805599453,0.0,0.134313,0.07152399999995396,0.0
2008-04-16 22:00:00+00:00,1.1318401490418754e-07,0.6931471805599453,0.6931471805599453,0.133309,0.6008010000000468,0.0
2008-04-16 23:00:00+00:00,1.064300667024385e-07,0.6931471805599453,0.6931471805599453,0.137825,0.1430480000000216,0.0
2008-04-17 00:00:00+00:00,1.2571751747598732e-07,0.6931471805599453,0.6931471805599453,0.150871,0.9870300000000043,0.0
2008-04-17 01:00:00+00:00,1.0734361499408681e-07,0.6931471805599453,0.6931471805599453,0.142843,0.2860959999999295,0.0
2008-04-17 02:00:00+00:00,1.0583213175733114e-07,0.6931471805599453,0.6931471805599453,0.146857,0.9870300000000043,0.0
2008-04-17 03:00:00+00:00,1.1991310569981071e-07,0.6931471805599453,0.6931471805599453,0.137825,0.5435820000000149,0.0
2008-04-17 04:00:00+00:00,1.2266585490979755e-07,1.0986122886681098,0.0,0.146355,0.3290100000000393,0.0
2008-04-17 05:00:00+00:00,1.3296467912264603e-07,1.0986122886681098,0.0,0.130299,-0.1573520000000599,0.0
2008-04-17 06:00:00+00:00,1.3164546553133652e-07,1.0986122886681098,0.0,0.138327,-0.557886999999937,0.0
2008-04-17 07:00:00+00:00,1.3504573253134698e-07,1.0986122886681098,0.0,0.141839,-0.12874299999998584,0.0
2008-04-17 08:00:00+00:00,1.4728714537091735e-07,1.0986122886681098,0.0,0.138327,-0.3004000000000815,0.0
2008-04-17 09:00:00+00:00,1.593857778139178e-07,1.0986122886681098,0.0,0.125783,0.7724580000000287,0.3
2008-04-17 10:00:00+00:00,1.5759728120639447e-07,1.0986122886681098,0.0,0.138327,0.47205800000006093,0.0
2008-04-17 11:00:00+00:00,2.0185489702763392e-07,1.0986122886681098,0.0,0.138828,0.6866299999999228,0.2
2008-04-17 12:00:00+00:00,1.7728840863322792e-07,1.0986122886681098,0.0,0.125783,0.7438490000000684,0.1
2008-04-17 13:00:00+00:00,1.938726470211159e-07,1.0986122886681098,0.0,0.146857,0.5006669999999076,0.0
2008-04-17 14:00:00+00:00,2.0432020584296043e-07,1.0986122886681098,0.0,0.14786,0.715240000000108,0.5
2008-04-17 15:00:00+00:00,1.9875164943958533e-07,1.0986122886681098,0.0,0.142341,0.2002669999999398,0.7
2008-04-17 16:00:00+00:00,2.0798635149149544e-07,1.0986122886681098,0.0,0.142843,0.5435820000000149,0.9
2008-04-17 17:00:00+00:00,2.4327746237919245e-07,0.6931471805599453,0.0,0.142341,0.8296769999999469,0.4
2008-04-17 18:00:00+00:00,2.680239352468002e-07,0.6931471805599453,0.0,0.138327,0.15735300000005736,0.4
2008-04-17 19:00:00+00:00,2.469720921238461e-07,0.6931471805599453,0.0,0.138327,-0.486362999999983,0.0
2008-04-17 20:00:00+00:00,2.6126396367049516e-07,0.6931471805599453,0.0,0.134313,-0.8725920000000542,0.0
2008-04-17 21:00:00+00:00,2.7331754077577173e-07,0.6931471805599453,0.6931471805599453,0.142341,0.658019999999965,0.0
2008-04-17 22:00:00+00:00,2.700177860383198e-07,0.6931471805599453,0.6931471805599453,0.134313,-0.04291399999999612,0.0
2008-04-17 23:00:00+00:00,2.6406834323120636e-07,0.6931471805599453,0.6931471805599453,0.142341,0.3433150000000751,0.0
2008-04-18 00:00:00+00:00,2.753570772793315e-07,0.6931471805599453,0.6931471805599453,0.141839,0.41483900000002905,0.0
2008-04-18 01:00:00+00:00,2.842099799564684e-07,0.6931471805599453,0.6931471805599453,0.145853,0.6008009999999331,0.0
2008-04-18 02:00:00+00:00,2.6632121725848924e-07,0.6931471805599453,0.6931471805599453,0.150871,0.5721909999999752,0.0
2008-04-18 03:00:00+00:00,2.797088217188898e-07,1.0986122886681098,0.0,0.141839,-0.04291399999999612,0.0
2008-04-18 04:00:00+00:00,2.4068386842710764e-07,1.0986122886681098,0.0,0.146355,0.05721900000003188,0.0
2008-04-18 05:00:00+00:00,2.453040575867696e-07,1.0986122886681098,0.0,0.137825,-0.3862289999999575,0.0
2008-04-18 06:00:00+00:00,2.660611157024501e-07,1.0986122886681098,0.0,0.149867,-0.8010679999999866,0.0
2008-04-18 07:00:00+00:00,2.5238560754627627e-07,1.0986122886681098,0.0,0.142843,-0.35761999999999716,0.0
2008-04-18 08:00:00+00:00,2.3296962586105912e-07,1.0986122886681098,0.0,0.137825,-0.7152390000001105,0.0
2008-04-18 09:00:00+00:00,2.3703740529308906e-07,1.0986122886681098,0.0,0.142843,-0.35761999999999716,0.0
2008-04-18 10:00:00+00:00,2.5621682212023946e-07,1.0986122886681098,0.6931471805599453,0.155386,-0.11443799999995008,0.0
2008-04-18 11:00:00+00:00,2.3383574728595685e-07,1.0986122886681098,1.0986122886681098,0.151372,0.05721900000003188,0.0
2008-04-18 12:00:00+00:00,2.2235247894168903e-07,1.0986122886681098,1.0986122886681098,0.16492,0.07152399999995396,0.0
2008-04-18 13:00:00+00:00,2.502228882909766e-07,1.0986122886681098,1.0986122886681098,0.140334,0.014305000000035761,0.0
2008-04-18 14:00:00+00:00,2.2116035656230528e-07,1.0986122886681098,1.0986122886681098,0.127288,0.22887600000001385,0.0
2008-04-18 15:00:00+00:00,2.0823705855498463e-07,1.0986122886681098,1.0986122886681098,0.128292,0.18596200000001772,0.0
2008-04-18 16:00:00+00:00,2.459841175146047e-07,1.3862943611198906,0.6931471805599453,0.120263,0.25748699999996916,0.0
2008-04-18 17:00:00+00:00,1.8878925870278736e-07,1.6094379124341003,0.0,0.124278,0.27179100000000744,0.0
2008-04-18 18:00:00+00:00,2.0998992938924115e-07,1.6094379124341003,0.0,0.123776,-0.22887700000001132,0.0
2008-04-18 19:00:00+00:00,1.8979695054333812e-07,1.6094379124341003,0.0,0.140835,-0.3719250000000329,0.0
2008-04-18 20:00:00+00:00,3.6535917600847315e-07,1.6094379124341003,0.0,0.127288,-0.37192400000003545,0.0
2008-04-18 21:00:00+00:00,3.159826698965994e-07,1.6094379124341003,0.0,0.12779,-0.27179099999989376,0.0
2008-04-18 22:00:00+00:00,3.8454775167615054e-07,1.6094379124341003,0.0,0.127288,0.07152399999995396,0.0
2008-04-18 23:00:00+00:00,5.495078084108316e-07,1.6094379124341003,0.0,0.131804,-0.08582899999998972,0.0
2008-04-19 00:00:00+00:00,2.1951767469003883e-07,1.6094379124341003,0.0,0.1308,0.3719250000000329,0.0
2008-04-19 01:00:00+00:00,2.1448544810777522e-07,1.6094379124341003,0.0,0.135316,0.2002669999999398,0.0
2008-04-19 02:00:00+00:00,2.1125251782910916e-07,1.6094379124341003,0.0,0.131302,0.4434479999999894,0.0
2008-04-19 03:00:00+00:00,2.808829486107771e-07,1.6094379124341003,0.34657359027997264,0.131302,0.05721900000003188,0.0
2008-04-19 04:00:00+00:00,2.749735473145897e-07,1.3862943611198906,0.6931471805599453,0.131302,-0.08582799999999224,0.0
2008-04-19 05:00:00+00:00,2.2279248761938082e-07,1.3862943611198906,0.6931471805599453,0.135316,-0.6437160000000404,0.0
2008-04-19 06:00:00+00:00,2.200453792020652e-06,1.3862943611198906,0.6931471805599453,0.140334,-0.41483900000002905,0.0
2008-04-19 07:00:00+00:00,9.873489843769194e-07,1.6094379124341003,0.0,0.144348,-0.5864959999998973,0.0
2008-04-19 08:00:00+00:00,5.779245709124138e-07,1.6094379124341003,0.0,0.131302,-0.37192400000003545,0.0
2008-04-19 09:00:00+00:00,2.1783348435644483e-07,1.6094379124341003,0.0,0.13632,0.100133000000028,0.0
2008-04-19 10:00:00+00:00,4.2504536823587267e-07,1.6094379124341003,0.0,0.129295,-0.04291399999999612,0.0
2008-04-19 11:00:00+00:00,2.24322216658784e-07,1.6094379124341003,0.0,0.133811,0.18596199999990404,0.0
2008-04-19 12:00:00+00:00,2.2931942994509073e-07,1.6094379124341003,0.0,0.125783,0.25748600000008537,0.0
2008-04-19 13:00:00+00:00,1.9082335539217954e-07,1.6094379124341003,0.0,0.121769,0.47205799999994724,0.0
2008-04-19 14:00:00+00:00,1.9253044853419795e-07,1.6094379124341003,0.0,0.109727,0.8868969999999763,0.0
2008-04-19 15:00:00+00:00,1.789676587482697e-07,1.6094379124341003,0.0,0.121769,0.8582870000000185,0.0
2008-04-19 16:00:00+00:00,1.7070074775257985e-07,1.6094379124341003,0.0,0.120765,0.7438490000000684,0.0
2008-04-19 17:00:00+00:00,1.8110317809192104e-07,1.6094379124341003,0.0,0.121267,0.658019999999965,0.0
2008-04-19 18:00:00+00:00,1.845814069117806e-07,1.6094379124341003,0.0,0.128793,0.7724590000000262,0.0
2008-04-19 19:00:00+00:00,1.6702415192123173e-07,1.6094379124341003,0.0,0.125281,-0.05721900000003188,0.0
2008-04-19 20:00:00+00:00,1.676311213177648e-07,1.6094379124341003,0.0,0.128292,-0.15735300000005736,0.0
2008-04-19 21:00:00+00:00,1.8191952327870719e-07,1.6094379124341003,0.0,0.132306,-0.32900999999992564,0.0
2008-04-19 22:00:00+00:00,1.5789325905540893e-07,1.6094379124341003,0.0,0.132306,-0.04291399999999612,0.0
2008-04-19 23:00:00+00:00,1.7284648254112926e-07,1.6094379124341003,0.0,0.136821,0.4148379999999179,0.0
2008-04-20 00:00:00+00:00,1.7093877497234548e-07,1.6094379124341003,0.0,0.13933,0.3862300000000687,0.0
2008-04-20 01:00:00+00:00,1.613860585456399e-07,1.6094379124341003,0.0,0.139832,0.41483800000003157,0.0
2008-04-20 02:00:00+00:00,1.7552177903462024e-07,1.6094379124341003,0.0,0.131804,-0.3290100000000393,0.0
2008-04-20 03:00:00+00:00,1.910855739856604e-07,1.3862943611198906,0.0,0.135316,-0.1430480000000216,0.0
2008-04-20 04:00:00+00:00,1.953587474509118e-07,1.3862943611198906,0.0,0.13933,-0.2002669999999398,0.0
2008-04-20 05:00:00+00:00,1.8214665316386523e-07,1.3862943611198906,0.0,0.139832,-0.47205800000006093,0.0
2008-04-20 06:00:00+00:00,1.673084113626256e-07,1.3862943611198906,0.6931471805599453,0.1308,-1.2016019999999799,0.0
2008-04-20 07:00:00+00:00,1.7770521324608836e-06,1.3862943611198906,1.0986122886681098,0.128292,-0.686629000000039,0.0
2008-04-20 08:00:00+00:00,2.1590046285722239e-07,1.3862943611198906,1.0986122886681098,0.127288,-0.6294110000000046,0.0
2008-04-20 09:00:00+00:00,2.0962238656616626e-07,1.3862943611198906,1.3862943611198906,0.124278,-0.41483899999991536,0.0
2008-04-20 10:00:00+00:00,1.8672245769026161e-07,1.3862943611198906,1.3862943611198906,0.120765,-0.25748600000008537,0.0
2008-04-20 11:00:00+00:00,1.802175977898694e-07,1.3862943611198906,1.3862943611198906,0.112737,0.20026700000005349,0.0
2008-04-20 12:00:00+00:00,1.8029685901619896e-07,1.6094379124341003,1.0986122886681098,0.114744,0.1430480000000216,0.0
2008-04-20 13:00:00+00:00,2.5275152898008326e-07,1.791759469228055,0.6931471805599453,0.101197,0.18596200000001772,0.0
2008-04-20 14:00:00+00:00,1.7806237621526758e-07,1.791759469228055,0.6931471805599453,0.102702,0.5864959999998973,0.0
2008-04-20 15:00:00+00:00,1.8232607542006012e-07,1.9459101490553132,0.0,0.098186,0.5435820000000149,0.0
2008-04-20 16:00:00+00:00,1.8224606168831556e-07,1.791759469228055,0.0,0.101698,0.22887700000001132,0.0
2008-04-20 17:00:00+00:00,1.6973129450882988e-07,1.6094379124341003,0.0,0.105713,0.3290100000000393,0.0
2008-04-20 18:00:00+00:00,1.7640706352253877e-07,1.6094379124341003,0.0,0.106214,0.3862289999999575,0.0
2008-04-20 19:00:00+00:00,1.6326276376271186e-07,1.6094379124341003,0.0,0.108723,-0.6294100000000071,0.0
2008-04-20 20:00:00+00:00,1.4607657996618542e-07,1.6094379124341003,0.0,0.109225,-0.1430480000000216,0.0
2008-04-20 21:00:00+00:00,1.3273158117462457e-07,1.6094379124341003,0.0,0.125281,0.18596200000001772,0.0
2008-04-20 22:00:00+00:00,1.422056442424531e-07,1.6094379124341003,0.0,0.120765,0.7009340000000748,0.0
2008-04-20 23:00:00+00:00,1.3326053355446464e-07,1.6094379124341003,0.0,0.128793,0.557886999999937,0.0
2008-04-21 00:00:00+00:00,1.364339895947848e-07,1.6094379124341003,0.0,0.124779,0.486362999999983,0.0
2008-04-21 01:00:00+00:00,1.4367450443179968e-07,1.6094379124341003,0.0,0.124278,0.6151060000000825,0.0
2008-04-21 02:00:00+00:00,1.3098660080483455e-07,1.6094379124341003,0.0,0.12779,-0.08582899999998972,0.0
2008-04-21 03:00:00+00:00,1.3536239321681806e-07,1.6094379124341003,0.0,0.132306,0.6294110000000046,0.0
2008-04-21 04:00:00+00:00,1.3364568913171628e-07,1.6094379124341003,0.0,0.127288,0.3147049999998899,0.0
2008-04-21 05:00:00+00:00,1.312080590172914e-07,1.6094379124341003,0.0,0.131804,-0.3433149999999614,0.0
2008-04-21 06:00:00+00:00,1.242602318892962e-07,1.6094379124341003,0.0,0.12779,-0.3290100000000393,0.0
2008-04-21 07:00:00+00:00,1.3055369521966905e-07,1.3862943611198906,0.0,0.131302,-0.27179099999989376,0.0
2008-04-21 08:00:00+00:00,1.3815441432322203e-07,1.3862943611198906,0.0,0.127288,-0.9441160000000082,0.0
2008-04-21 09:00:00+00:00,1.2886888201997146e-07,1.3862943611198906,0.0,0.132306,-0.7009340000000748,0.0
2008-04-21 10:00:00+00:00,1.358409576825961e-07,1.3862943611198906,0.0,0.123776,0.05721900000003188,0.0
2008-04-21 11:00:00+00:00,1.3676186853385606e-07,1.3862943611198906,0.0,0.116751,-0.05721900000003188,0.0
2008-04-21 12:00:00+00:00,1.596081869644871e-07,1.3862943611198906,0.0,0.120765,0.5292769999999791,0.0
2008-04-21 13:00:00+00:00,1.7009527012893638e-07,1.3862943611198906,0.0,0.105713,-0.028609999999957836,0.0
2008-04-21 14:00:00+00:00,1.8127140888251117e-07,1.3862943611198906,0.0,0.097183,0.2574859999999717,0.0
2008-04-21 15:00:00+00:00,2.4129580848823864e-07,1.3862943611198906,0.0,0.097183,-0.12874299999998584,0.1
2008-04-21 16:00:00+00:00,2.817544777331197e-07,1.3862943611198906,0.0,0.117253,-0.057218999999918196,0.0
2008-04-21 17:00:00+00:00,2.3608341156915997e-07,1.3862943611198906,0.0,0.120765,0.1001339999999118,0.0
2008-04-21 18:00:00+00:00,2.565793975309735e-07,1.3862943611198906,0.0,0.133309,-0.4291439999999511,0.0
2008-04-21 19:00:00+00:00,2.6309909030794857e-07,1.3862943611198906,0.0,0.120263,-0.3290100000000393,0.0
2008-04-21 20:00:00+00:00,2.3077325771958925e-07,1.3862943611198906,0.0,0.12779,-0.35761999999999716,0.0
2008-04-21 21:00:00+00:00,2.3148380842036467e-07,1.3862943611198906,0.0,0.132306,0.10013400000002548,0.0
2008-04-21 22:00:00+00:00,1.9773102258883694e-07,1.3862943611198906,0.0,0.131804,0.11443799999995008,0.0
2008-04-21 23:00:00+00:00,2.0736976626916196e-07,1.3862943611198906,0.0,0.13632,-0.5149719999999434,0.0
2008-04-22 00:00:00+00:00,1.839276510669678e-07,1.3862943611198906,0.0,0.12779,-0.1859630000000152,0.0
2008-04-22 01:00:00+00:00,1.7558618444886195e-07,1.3862943611198906,0.0,0.1308,0.24318200000004708,0.0
2008-04-22 02:00:00+00:00,1.7978360122052296e-07,1.3862943611198906,0.0,0.13933,-0.08582899999998972,0.0
2008-04-22 03:00:00+00:00,1.7337089295337164e-07,1.3862943611198906,0.0,0.144348,0.17165699999998196,0.0
2008-04-22 04:00:00+00:00,1.6822812049124997e-07,1.3862943611198906,0.0,0.143846,0.25748699999996916,0.0
2008-04-22 05:00:00+00:00,2.229464116708822e-07,1.3862943611198906,1.3862943611198906,0.13933,-0.8439829999999802,0.0
2008-04-22 06:00:00+00:00,2.3236314477274905e-07,1.3862943611198906,1.6094379124341003,0.138828,-0.7724580000000287,0.0
2008-04-22 07:00:00+00:00,2.473626118447893e-07,1.3862943611198906,1.791759469228055,0.13933,-0.47205799999994724,0.0
2008-04-22 08:00:00+00:00,2.799030171395394e-07,1.3862943611198906,1.791759469228055,0.15639,-0.3719250000000329,0.0
2008-04-22 09:00:00+00:00,2.667056790820237e-07,1.3862943611198906,1.791759469228055,0.14786,-0.8296770000000606,0.0
2008-04-22 10:00:00+00:00,2.5413059130813935e-07,1.3862943611198906,1.791759469228055,0.139832,-0.12874399999998332,0.0
2008-04-22 11:00:00+00:00,2.833803443043779e-07,1.9459101490553132,1.0986122886681098,0.135818,-0.12874299999998584,0.0
2008-04-22 12:00:00+00:00,2.385874004666623e-07,1.9459101490553132,0.6931471805599453,0.128793,-0.5292769999999791,0.2
2008-04-22 13:00:00+00:00,2.576123234865198e-07,1.9459101490553132,0.0,0.123776,0.5149729999999408,0.2
2008-04-22 14:00:00+00:00,2.940773371872942e-07,1.9459101490553132,0.0,0.112235,0.17165700000009565,0.3
2008-04-22 15:00:00+00:00,2.6942133031823234e-07,1.791759469228055,0.0,0.119762,-0.08582899999998972,0.4
2008-04-22 16:00:00+00:00,2.887670508501033e-07,1.791759469228055,0.0,0.123776,-0.25748600000008537,0.3
2008-04-22 17:00:00+00:00,2.970340409222173e-07,1.791759469228055,0.0,0.123274,-0.45775300000002517,0.2
2008-04-22 18:00:00+00:00,2.695332090951768e-07,1.791759469228055,0.6931471805599453,0.12779,-0.21457199999997556,0.0
2008-04-22 19:00:00+00:00,3.177459389417997e-07,1.791759469228055,0.6931471805599453,0.127288,-0.658019999999965,0.0
2008-04-22 20:00:00+00:00,2.9233050836536206e-07,1.791759469228055,0.6931471805599453,0.127288,-0.5292769999999791,0.0
2008-04-22 21:00:00+00:00,2.6739380806832185e-07,1.791759469228055,0.6931471805599453,0.138828,0.014304999999922074,0.0
2008-04-22 22:00:00+00:00,2.7468863695491536e-07,1.791759469228055,0.6931471805599453,0.13933,-0.31470600000000104,0.0
2008-04-22 23:00:00+00:00,2.772711671826901e-07,1.791759469228055,0.6931471805599453,0.146857,0.05721900000003188,0.0
2008-04-23 00:00:00+00:00,2.557346650210804e-07,1.9459101490553132,0.0,0.180474,0.0429149999999936,0.0
2008-04-23 01:00:00+00:00,2.5494156237849e-07,1.9459101490553132,0.0,0.175958,0.5578860000000532,0.0
2008-04-23 02:00:00+00:00,2.8376157381205603e-07,1.9459101490553132,0.0,0.184488,-0.05721900000003188,0.0
2008-04-23 03:00:00+00:00,3.158395595487597e-07,1.9459101490553132,0.0,0.183987,0.028609999999957836,0.0
2008-04-23 04:00:00+00:00,2.727405852315813e-07,1.9459101490553132,0.0,0.183987,-0.2002669999999398,0.0
2008-04-23 05:00:00+00:00,2.917142099394501e-07,1.9459101490553132,0.0,0.179973,-0.658019999999965,0.0
2008-04-23 06:00:00+00:00,2.9786364858090774e-07,1.9459101490553132,0.0,0.175958,-1.00133500000004,0.0
2008-04-23 07:00:00+00:00,2.9217459156265136e-07,1.9459101490553132,0.0,0.191513,-0.8868969999999763,0.0
2008-04-23 08:00:00+00:00,2.83652842205327e-07,1.9459101490553132,0.0,0.175958,-0.7295440000000326,0.0
2008-04-23 09:00:00+00:00,2.8724201284627603e-07,1.9459101490553132,0.0,0.167429,-0.1859630000000152,0.0
2008-04-23 10:00:00+00:00,2.9862082803873767e-07,1.9459101490553132,0.0,0.155888,-0.3576189999999997,0.0
2008-04-23 11:00:00+00:00,2.785110174552588e-07,1.9459101490553132,0.0,0.134814,0.05721900000003188,0.0
2008-04-23 12:00:00+00:00,2.97271870469263e-07,1.9459101490553132,0.34657359027997264,0.148362,-0.0,0.0
2008-04-23 13:00:00+00:00,2.9611759441830647e-07,1.9459101490553132,0.6931471805599453,0.14786,0.3290100000000393,0.0
2008-04-23 14:00:00+00:00,3.0854926180776954e-07,1.9459101490553132,0.6931471805599453,0.145351,-0.12874300000009953,0.0
2008-04-23 15:00:00+00:00,2.932024943781848e-07,1.9459101490553132,0.6931471805599453,0.143846,0.05721900000003188,0.0
2008-04-23 16:00:00+00:00,2.866351553014027e-07,1.9459101490553132,0.6931471805599453,0.140334,-0.2002669999999398,0.0
2008-04-23 17:00:00+00:00,2.5445046840234034e-07,2.0794415416798357,0.0,0.143846,-0.18596200000001772,0.0
2008-04-23 18:00:00+00:00,3.930510131179328e-07,2.0794415416798357,0.0,0.152376,0.31470500000000357,0.0
2008-04-23 19:00:00+00:00,6.965142338768482e-07,2.0794415416798357,0.0,0.152376,-0.5721909999999752,0.0
2008-04-23 20:00:00+00:00,2.3758076248714278e-07,2.0794415416798357,0.0,0.155386,-0.8296780000000581,0.0
2008-04-23 21:00:00+00:00,2.1288426486931843e-07,2.0794415416798357,0.0,0.1594,-0.31470500000000357,0.0
2008-04-23 22:00:00+00:00,1.9172608163473699e-07,2.0794415416798357,0.0,0.163415,-0.0429149999999936,0.0
2008-04-23 23:00:00+00:00,2.0039020643956308e-07,2.0794415416798357,0.0,0.167429,-0.17165699999998196,0.0
2008-04-24 00:00:00+00:00,1.7400639801013733e-07,2.0794415416798357,0.0,0.175958,0.658019999999965,0.0
2008-04-24 01:00:00+00:00,2.0688835813967864e-07,2.0794415416798357,0.0,0.171944,0.1430480000000216,0.0
2008-04-24 02:00:00+00:00,1.5533925015982315e-07,2.0794415416798357,0.0,0.175958,0.22887600000001385,0.0
2008-04-24 03:00:00+00:00,1.5532419103588992e-07,2.0794415416798357,0.0,0.175457,0.21457199999997556,0.0
2008-04-24 04:00:00+00:00,1.770297595706125e-07,2.0794415416798357,0.0,0.178969,-0.0,0.0
2008-04-24 05:00:00+00:00,1.4640938571627808e-07,2.0794415416798357,0.0,0.171443,-0.3862289999999575,0.0
2008-04-24 06:00:00+00:00,1.5001932933299366e-07,2.0794415416798357,0.0,0.174955,-1.058554000000072,0.0
2008-04-24 07:00:00+00:00,1.4096427312092994e-07,2.0794415416798357,0.0,0.174453,-0.41483899999991536,0.0
2008-04-24 08:00:00+00:00,1.4711490521126103e-07,2.0794415416798357,0.0,0.162411,-0.6437160000000404,0.0
2008-04-24 09:00:00+00:00,1.3355382328468687e-07,2.0794415416798357,0.0,0.162913,-0.0,0.0
2008-04-24 10:00:00+00:00,1.648956269286845e-07,2.0794415416798357,0.0,0.155386,-0.45775300000002517,0.0
2008-04-24 11:00:00+00:00,1.3218682717408997e-07,1.6094379124341003,0.0,0.143846,0.3719250000000329,0.0
2008-04-24 12:00:00+00:00,2.0935665977985064e-06,1.3862943611198906,0.0,0.149365,-0.014305000000035761,0.0
2008-04-24 13:00:00+00:00,9.627701557578016e-07,1.0986122886681098,0.0,0.131302,0.17165699999998196,0.1
2008-04-24 14:00:00+00:00,1.4120946867088787e-07,1.0986122886681098,0.0,0.148864,0.6008010000000468,0.0
2008-04-24 15:00:00+00:00,1.4188317586722973e-07,1.0986122886681098,0.0,0.140334,0.31470600000000104,0.0
2008-04-24 16:00:00+00:00,1.4607697203846254e-07,1.0986122886681098,0.0,0.148864,0.1430480000000216,0.0
2008-04-24 17:00:00+00:00,1.2533537734329464e-07,1.0986122886681098,0.0,0.160404,0.758152999999993,0.0
2008-04-24 18:00:00+00:00,1.357444196996857e-07,1.0986122886681098,0.0,0.14786,0.0429149999999936,0.0
2008-04-24 19:00:00+00:00,1.3602957337764127e-07,1.0986122886681098,0.0,0.159902,-0.7152399999999943,0.0
2008-04-24 20:00:00+00:00,1.2788969156220343e-07,1.0986122886681098,0.0,0.159902,-0.45775300000002517,0.0
2008-04-24 21:00:00+00:00,1.2684558151411463e-07,1.0986122886681098,0.0,0.164418,-0.12874299999998584,0.0
2008-04-24 22:00:00+00:00,1.29288710366409e-07,1.0986122886681098,0.0,0.162913,0.12874299999998584,0.0
2008-04-24 23:00:00+00:00,1.2023824865418003e-07,1.0986122886681098,0.0,0.168432,0.2860960000000432,0.0
2008-04-25 00:00:00+00:00,1.2110215006823338e-07,0.6931471805599453,0.6931471805599453,0.168432,0.028609999999957836,0.0
2008-04-25 01:00:00+00:00,1.244383160185333e-07,0.6931471805599453,0.6931471805599453,0.16793,0.100133000000028,0.0
2008-04-25 02:00:00+00:00,1.1458052695894483e-07,0.6931471805599453,0.6931471805599453,0.168934,-0.04291399999999612,0.0
2008-04-25 03:00:00+00:00,1.2039353044304958e-07,0.6931471805599453,0.6931471805599453,0.180976,-0.07152400000006764,0.0
2008-04-25 04:00:00+00:00,1.1845555612905366e-07,0.6931471805599453,0.6931471805599453,0.170941,0.12874299999998584,0.0
2008-04-25 05:00:00+00:00,1.1297367772750643e-07,0.6931471805599453,0.6931471805599453,0.171443,-0.47205799999994724,0.0
2008-04-25 06:00:00+00:00,1.1581838571155198e-07,1.0986122886681098,0.0,0.166927,-0.8296780000000581,0.0
2008-04-25 07:00:00+00:00,1.1820888294888753e-07,1.0986122886681098,0.0,0.171443,-0.5149719999999434,0.0
2008-04-25 08:00:00+00:00,1.1223915821787677e-07,1.0986122886681098,0.0,0.180474,-0.11443799999995008,0.0
2008-04-25 09:00:00+00:00,1.11394855957491e-07,1.0986122886681098,0.0,0.164418,-0.40053500000010445,0.0
2008-04-25 10:00:00+00:00,1.0470409684952938e-07,1.0986122886681098,0.0,0.164418,0.0858290000001034,0.2
2008-04-25 11:00:00+00:00,1.0462220859622928e-07,1.0986122886681098,0.0,0.155888,0.27179099999989376,0.1
2008-04-25 12:00:00+00:00,1.0998610073541539e-07,1.0986122886681098,0.0,0.151372,0.4291440000000648,0.1
2008-04-25 13:00:00+00:00,1.1378152741916779e-07,1.0986122886681098,0.0,0.155888,0.3433149999999614,0.0
2008-04-25 14:00:00+00:00,1.013697510518139e-07,1.0986122886681098,0.0,0.155888,0.6151060000000825,0.0
2008-04-25 15:00:00+00:00,1.0092720619796889e-07,1.0986122886681098,0.0,0.164418,0.24318099999993592,0.0
2008-04-25 16:00:00+00:00,1.1049725534692982e-07,1.0986122886681098,0.0,0.155888,0.3862289999999575,0.0
2008-04-25 17:00:00+00:00,1.1598516616465701e-07,0.6931471805599453,0.0,0.159902,0.25748600000008537,0.0
2008-04-25 18:00:00+00:00,1.1052736647208528e-07,0.6931471805599453,0.0,0.155386,-0.100133000000028,0.0
2008-04-25 19:00:00+00:00,1.044867493225922e-07,0.6931471805599453,0.0,0.155386,-0.586496000000011,0.0
2008-04-25 20:00:00+00:00,1.0251462018775868e-07,0.6931471805599453,0.0,0.159902,-0.25748699999996916,0.0
2008-04-25 21:00:00+00:00,1.0604274814806144e-07,0.6931471805599453,0.0,0.163916,0.2431819999999334,0.0
2008-04-25 22:00:00+00:00,1.1200073049362392e-07,0.6931471805599453,0.0,0.159902,0.05721900000003188,0.0
2008-04-25 23:00:00+00:00,1.1536659838042436e-07,0.6931471805599453,0.0,0.171944,0.658019999999965,0.0
2008-04-26 00:00:00+00:00,1.1571312175244061e-07,0.6931471805599453,0.0,0.175457,0.8439830000000939,0.0
2008-04-26 01:00:00+00:00,1.219696459298781e-07,0.6931471805599453,0.0,0.171443,0.3576189999999997,0.0
2008-04-26 02:00:00+00:00,1.330436816744082e-07,0.6931471805599453,0.0,0.166927,0.4005339999999933,0.0
2008-04-26 03:00:00+00:00,1.2342427843357942e-07,0.6931471805599453,0.0,0.175457,0.35761999999999716,0.0
2008-04-26 04:00:00+00:00,1.271600020610366e-07,0.6931471805599453,0.0,0.170941,0.17165699999998196,0.0
2008-04-26 05:00:00+00:00,1.493972864000362e-07,0.6931471805599453,0.0,0.170439,0.05722000000002936,0.0
2008-04-26 06:00:00+00:00,1.4425627917902277e-07,0.6931471805599453,0.0,0.166927,-0.22887700000001132,0.0
2008-04-26 07:00:00+00:00,1.545910069444163e-07,0.6931471805599453,0.0,0.170941,-0.07152400000006764,0.0
2008-04-26 08:00:00+00:00,1.5237377978704092e-07,0.6931471805599453,0.0,0.171443,-0.18596200000001772,0.0
2008-04-26 09:00:00+00:00,2.094189602586356e-07,0.6931471805599453,0.0,0.163916,0.42914300000006733,0.2
2008-04-26 10:00:00+00:00,1.5965263183250482e-07,0.6931471805599453,0.0,0.186997,0.21457199999997556,1.1
2008-04-26 11:00:00+00:00,1.763020789715333e-07,0.6931471805599453,0.0,0.1594,0.10013400000002548,1.7
2008-04-26 12:00:00+00:00,1.6910717936908227e-07,0.6931471805599453,0.0,0.167429,-0.07152400000006764,0.2
2008-04-26 13:00:00+00:00,2.595842229310403e-07,0.6931471805599453,0.0,0.158899,-0.27179100000000744,0.3
2008-04-26 14:00:00+00:00,1.4907356460403773e-07,0.6931471805599453,0.0,0.1594,0.6723250000000007,1.1
2008-04-26 15:00:00+00:00,1.646967564351928e-07,0.6931471805599453,0.0,0.158899,0.40053400000010697,1.3
2008-04-26 16:00:00+00:00,1.5985933173168703e-07,0.6931471805599453,0.0,0.158899,0.11443799999995008,0.5
2008-04-26 17:00:00+00:00,1.4676931409888152e-07,0.6931471805599453,0.0,0.154885,-0.21457199999997556,0.1
2008-04-26 18:00:00+00:00,1.795131077404191e-07,0.6931471805599453,0.0,0.154383,-0.028609000000074047,0.8
2008-04-26 19:00:00+00:00,1.5054803423765695e-07,0.6931471805599453,0.0,0.159902,-0.7295439999999189,0.1
2008-04-26 20:00:00+00:00,1.5257748414653674e-07,0.6931471805599453,0.0,0.16793,-0.30040100000007897,0.0
2008-04-26 21:00:00+00:00,1.5706610129236918e-07,0.6931471805599453,0.0,0.170941,0.028610000000071523,0.0
2008-04-26 22:00:00+00:00,1.5100319306513766e-07,0.6931471805599453,0.0,0.170941,0.1430480000000216,0.0
2008-04-26 23:00:00+00:00,6.976663803315357e-07,0.6931471805599453,0.0,0.171443,-0.10013400000002548,0.0
2008-04-27 00:00:00+00:00,2.814875236349428e-07,0.6931471805599453,0.0,0.175457,0.2002669999999398,0.0
2008-04-27 01:00:00+00:00,4.395880287132975e-07,0.6931471805599453,0.0,0.174453,0.30040100000007897,0.0
2008-04-27 02:00:00+00:00,1.4586151927767219e-07,0.6931471805599453,0.0,0.175457,0.14304799999990792,0.0
2008-04-27 03:00:00+00:00,1.3037784850642558e-07,0.6931471805599453,0.0,0.171443,0.14304700000002413,0.0
2008-04-27 04:00:00+00:00,1.7415029740981135e-07,0.6931471805599453,0.0,0.170941,0.21457199999997556,0.0
2008-04-27 05:00:00+00:00,1.778286716928097e-07,0.6931471805599453,0.0,0.170439,-0.4005339999999933,0.0
2008-04-27 06:00:00+00:00,1.4638264693915856e-07,0.0,0.0,0.166927,-0.6723250000000007,0.0
2008-04-27 07:00:00+00:00,1.4278661520280608e-07,0.0,0.0,0.166425,-0.9298109999999724,0.0
2008-04-27 08:00:00+00:00,1.4490564348255244e-07,0.0,0.0,0.162913,-0.4291439999999511,0.0
2008-04-27 09:00:00+00:00,1.305176209668512e-07,0.0,0.0,0.158899,0.15735299999994368,0.0
2008-04-27 10:00:00+00:00,1.308772475759672e-07,0.0,0.0,0.158899,-0.4005339999999933,0.0
2008-04-27 11:00:00+00:00,1.458511043932082e-07,0.0,0.0,0.167429,0.514972000000057,0.0
2008-04-27 12:00:00+00:00,1.334834093412715e-07,0.0,0.0,0.155386,-0.04291399999999612,0.0
2008-04-27 13:00:00+00:00,1.37034698307269e-07,0.0,0.0,0.150871,0.4577529999999115,0.0
2008-04-27 14:00:00+00:00,1.3419000207477034e-07,0.0,0.0,0.13933,0.6151060000000825,0.8
2008-04-27 15:00:00+00:00,1.4012784668085246e-07,0.0,0.0,0.138327,0.21457199999997556,0.4
2008-04-27 16:00:00+00:00,1.2789159673143498e-07,0.0,0.0,0.146355,-0.6008010000000468,0.0
2008-04-27 17:00:00+00:00,1.3500976274600757e-07,0.0,0.6931471805599453,0.142843,0.18596200000001772,0.0
2008-04-27 18:00:00+00:00,1.3702259449896268e-07,0.0,0.6931471805599453,0.150871,0.10013400000002548,0.0
2008-04-27 19:00:00+00:00,1.2805288172315203e-07,0.0,0.6931471805599453,0.158899,-0.40053499999999076,0.0
2008-04-27 20:00:00+00:00,1.2580821207868276e-07,0.0,0.6931471805599453,0.154885,-0.48636199999998553,0.0
2008-04-27 21:00:00+00:00,1.2248333791783689e-07,0.0,0.6931471805599453,0.158397,-0.0,0.0
2008-04-27 22:00:00+00:00,1.1819330019047587e-07,0.0,0.6931471805599453,0.162411,-0.1430480000000216,0.0
2008-04-27 23:00:00+00:00,1.2451222155657455e-07,0.6931471805599453,0.0,0.158397,0.3576189999999997,0.0
2008-04-28 00:00:00+00:00,1.3454608801932696e-07,0.6931471805599453,0.0,0.166425,0.6294110000000046,0.0
2008-04-28 01:00:00+00:00,1.3545719403551332e-07,0.6931471805599453,0.0,0.170439,0.5149719999999434,0.0
2008-04-28 02:00:00+00:00,1.1005948870467121e-07,0.6931471805599453,0.0,0.166927,0.31470600000000104,0.0
2008-04-28 03:00:00+00:00,1.2402965954047048e-07,0.6931471805599453,0.0,0.166425,0.20026700000005349,0.0
2008-04-28 04:00:00+00:00,1.0452315068181683e-07,0.6931471805599453,0.0,0.165923,0.11443799999995008,0.0
2008-04-28 05:00:00+00:00,1.1141602707313764e-07,0.6931471805599453,0.0,0.166425,-0.17165699999998196,0.0
2008-04-28 06:00:00+00:00,1.0637625568807191e-07,0.6931471805599453,0.0,0.161408,-0.7152399999999943,0.0
2008-04-28 07:00:00+00:00,1.0897619618534519e-07,0.6931471805599453,0.6931471805599453,0.166425,-0.5292769999999791,0.0
2008-04-28 08:00:00+00:00,1.209657290348294e-07,0.6931471805599453,0.6931471805599453,0.162411,-0.3862289999999575,0.0
2008-04-28 09:00:00+00:00,1.0673325236953323e-07,0.6931471805599453,0.6931471805599453,0.162411,0.12874299999998584,0.0
2008-04-28 10:00:00+00:00,1.1844069361602854e-07,0.6931471805599453,0.6931471805599453,0.154383,-0.3290100000000393,0.0
2008-04-28 11:00:00+00:00,1.1045682512167334e-07,0.6931471805599453,0.6931471805599453,0.151372,0.4434479999999894,0.0
2008-04-28 12:00:00+00:00,1.1871453223556821e-07,0.6931471805599453,0.6931471805599453,0.146355,0.6008010000000468,0.0
2008-04-28 13:00:00+00:00,1.3771377003233537e-07,1.0986122886681098,0.0,0.158397,0.014304999999922074,0.0
2008-04-28 14:00:00+00:00,1.230926551955717e-07,1.0986122886681098,0.0,0.138828,0.4005339999999933,0.0
2008-04-28 15:00:00+00:00,1.0437621720432158e-07,1.0986122886681098,0.0,0.125783,0.7295440000000326,0.0
2008-04-28 16:00:00+00:00,8.987800405670302e-07,1.0986122886681098,0.0,0.126285,0.25748699999996916,0.0
2008-04-28 17:00:00+00:00,7.06865734449197e-07,1.0986122886681098,0.0,0.132807,0.1573520000000599,0.0
2008-04-28 18:00:00+00:00,1.7646315410985004e-06,1.0986122886681098,0.0,0.137323,0.4291439999999511,0.0
2008-04-28 19:00:00+00:00,3.9086763385857684e-07,1.0986122886681098,0.0,0.138327,-0.11443799999995008,0.0
2008-04-28 20:00:00+00:00,8.449765522837922e-07,1.0986122886681098,0.0,0.150369,-0.1859630000000152,0.0
2008-04-28 21:00:00+00:00,2.6445607410068673e-07,1.0986122886681098,0.0,0.150871,0.4005339999999933,0.0
2008-04-28 22:00:00+00:00,2.761450470302001e-07,1.0986122886681098,0.0,0.150871,0.486362999999983,0.0
2008-04-28 23:00:00+00:00,1.0360350457182242e-07,1.0986122886681098,0.0,0.154885,0.4005339999999933,0.0
2008-04-29 00:00:00+00:00,1.0412970534512064e-07,1.0986122886681098,0.0,0.155386,0.901202000000012,0.0
2008-04-29 01:00:00+00:00,1.2570610828225117e-07,1.0986122886681098,0.0,0.158397,0.7295440000000326,0.0
2008-04-29 02:00:00+00:00,9.115334552932225e-08,1.0986122886681098,0.0,0.153881,0.3003999999999678,0.0
2008-04-29 03:00:00+00:00,1.237876754781463e-07,1.0986122886681098,0.6931471805599453,0.158397,0.7009350000000723,0.0
2008-04-29 04:00:00+00:00,8.852987394976911e-08,1.0986122886681098,0.6931471805599453,0.158899,0.14304799999990792,0.0
2008-04-29 05:00:00+00:00,1.644265272020222e-07,1.0986122886681098,0.6931471805599453,0.158397,-0.07152399999995396,0.0
2008-04-29 06:00:00+00:00,2.6253895525352717e-07,1.0986122886681098,0.6931471805599453,0.158397,0.014305000000035761,0.0
2008-04-29 07:00:00+00:00,9.51536232594387e-08,1.0986122886681098,0.6931471805599453,0.161909,-0.10013400000002548,0.0
2008-04-29 08:00:00+00:00,9.356983631436378e-08,1.0986122886681098,0.6931471805599453,0.174955,-0.014305000000035761,0.0
2008-04-29 09:00:00+00:00,9.32014859355075e-08,1.3862943611198906,0.0,0.212085,0.4434489999999869,0.0
2008-04-29 10:00:00+00:00,9.425368363455372e-08,1.3862943611198906,1.0986122886681098,0.204057,0.05721900000003188,0.0
2008-04-29 11:00:00+00:00,9.05340154147999e-08,1.3862943611198906,1.0986122886681098,0.187499,0.47205799999994724,0.0
2008-04-29 12:00:00+00:00,8.450892057589289e-08,1.3862943611198906,1.0986122886681098,0.175958,0.2860960000000432,0.0
2008-04-29 13:00:00+00:00,9.462200970054829e-08,1.3862943611198906,1.0986122886681098,0.171944,0.45775300000002517,0.0
2008-04-29 14:00:00+00:00,8.148946874167624e-08,1.3862943611198906,1.0986122886681098,0.192516,0.7438489999999547,0.0
2008-04-29 15:00:00+00:00,9.052182931999793e-08,1.3862943611198906,1.0986122886681098,0.166927,0.3433150000000751,0.0
2008-04-29 16:00:00+00:00,8.961635345597263e-08,1.791759469228055,0.0,0.17646,0.37192399999992176,0.0
2008-04-29 17:00:00+00:00,9.893123033967343e-08,1.791759469228055,0.0,0.159902,-0.486362999999983,0.0
2008-04-29 18:00:00+00:00,9.037514990382764e-08,1.791759469228055,0.0,0.151372,-0.22887600000001385,0.0
2008-04-29 19:00:00+00:00,1.2544606791650585e-07,1.791759469228055,0.0,0.150871,-0.35761999999999716,0.0
2008-04-29 20:00:00+00:00,9.600543398194984e-08,1.791759469228055,0.0,0.150369,-0.1573519999999462,0.0
2008-04-29 21:00:00+00:00,1.0139506952537491e-07,1.791759469228055,0.0,0.158397,0.04291399999999612,0.0
2008-04-29 22:00:00+00:00,8.939725235239405e-08,1.791759469228055,0.0,0.163415,0.07152399999995396,0.0
2008-04-29 23:00:00+00:00,8.787769414964216e-08,1.6094379124341003,0.0,0.158899,0.2574859999999717,0.0
2008-04-30 00:00:00+00:00,9.640976931770767e-08,1.6094379124341003,0.0,0.154383,0.0858290000001034,0.0
2008-04-30 01:00:00+00:00,9.485968532743534e-08,1.6094379124341003,0.0,0.162411,0.4577529999999115,0.0
2008-04-30 02:00:00+00:00,1.0022310018339599e-07,1.6094379124341003,0.0,0.154885,0.25748600000008537,0.0
2008-04-30 03:00:00+00:00,1.2277000121910943e-07,1.6094379124341003,0.0,0.157895,-0.12874300000009953,0.0
2008-04-30 04:00:00+00:00,9.823937708767031e-08,1.6094379124341003,0.0,0.157895,-0.3433149999999614,0.0
2008-04-30 05:00:00+00:00,9.62678944094576e-08,1.6094379124341003,0.0,0.153881,-0.5435820000000149,0.0
2008-04-30 06:00:00+00:00,9.346133485887181e-08,1.6094379124341003,0.0,0.170439,-0.8439819999999827,0.0
2008-04-30 07:00:00+00:00,1.1308639803054955e-07,1.6094379124341003,0.0,0.154383,-0.486362999999983,0.0
2008-04-30 08:00:00+00:00,1.0206402237131589e-07,1.6094379124341003,0.0,0.154383,-0.2860960000000432,0.0
2008-04-30 09:00:00+00:00,9.320503646941218e-08,1.6094379124341003,0.0,0.137323,-0.4434479999999894,0.0
2008-04-30 10:00:00+00:00,9.353145930671262e-08,1.6094379124341003,0.0,0.146857,-0.5292769999999791,0.0
2008-04-30 11:00:00+00:00,9.385902534262923e-08,1.6094379124341003,0.0,0.150369,-0.08582899999998972,0.0
2008-04-30 12:00:00+00:00,1.0265594948203436e-07,1.6094379124341003,0.0,0.172446,0.15735299999994368,0.0
2008-04-30 13:00:00+00:00,1.003045027068139e-07,1.3862943611198906,0.0,0.127288,-0.15735299999994368,0.0
2008-04-30 14:00:00+00:00,1.0582049469513594e-07,1.3862943611198906,0.0,0.138327,0.5578870000000506,0.0
2008-04-30 15:00:00+00:00,1.0872209361509388e-07,1.3862943611198906,0.0,0.125281,-0.3290100000000393,0.0
2008-04-30 16:00:00+00:00,9.781926694041113e-08,1.3862943611198906,0.0,0.126285,0.02860899999996036,0.0
2008-04-30 17:00:00+00:00,1.0095060669792936e-07,1.3862943611198906,0.0,0.135316,0.27179100000000744,0.0
2008-04-30 18:00:00+00:00,1.0366683104123153e-07,1.3862943611198906,0.0,0.134313,-0.100133000000028,0.0
2008-04-30 19:00:00+00:00,9.542580006181366e-08,1.3862943611198906,0.0,0.142341,-0.35761999999999716,0.0
2008-04-30 20:00:00+00:00,1.1076960783491817e-07,1.3862943611198906,0.6931471805599453,0.142843,-0.7438489999999547,0.0
2008-04-30 21:00:00+00:00,9.935805247911366e-08,1.3862943611198906,0.6931471805599453,0.142843,0.05721900000003188,0.0
2008-04-30 22:00:00+00:00,1.0404947122051238e-07,1.3862943611198906,1.0986122886681098,0.146355,-0.2431810000000496,0.0
2008-04-30 23:00:00+00:00,9.851286138562012e-08,1.3862943611198906,1.0986122886681098,0.154383,0.12874299999998584,0.0
2008-05-01 00:00:00+00:00,1.1033851206865396e-07,1.3862943611198906,1.0986122886681098,0.158397,0.1573520000000599,0.0
2008-05-01 01:00:00+00:00,9.934649946701093e-08,1.3862943611198906,1.0986122886681098,0.146355,-0.028609000000074047,0.0
2008-05-01 02:00:00+00:00,9.66331304278773e-08,1.6094379124341003,0.6931471805599453,0.154383,0.04291399999999612,0.0
2008-05-01 03:00:00+00:00,1.1146062265726191e-07,1.6094379124341003,0.6931471805599453,0.150369,0.30040100000007897,0.0
2008-05-01 04:00:00+00:00,1.019487625752237e-07,1.791759469228055,0.0,0.154383,0.04291399999999612,0.0
2008-05-01 05:00:00+00:00,1.7376108674182615e-07,1.791759469228055,0.0,0.149867,-0.9441160000000082,0.0
2008-05-01 06:00:00+00:00,1.0021471765555192e-07,1.791759469228055,0.0,0.149867,-0.47205800000006093,0.0
2008-05-01 07:00:00+00:00,1.0228868965863701e-07,1.791759469228055,0.0,0.146355,-1.1014679999999544,0.0
2008-05-01 08:00:00+00:00,9.861550677446764e-08,1.791759469228055,0.6931471805599453,0.149867,-0.7581539999999904,0.0
2008-05-01 09:00:00+00:00,1.1070313687126138e-07,1.6094379124341003,0.6931471805599453,0.154885,-0.18596200000001772,0.0
2008-05-01 10:00:00+00:00,1.0584435195409086e-07,1.6094379124341003,0.6931471805599453,0.155888,-0.20026700000005349,0.0
2008-05-01 11:00:00+00:00,1.0317937487593521e-07,1.6094379124341003,0.6931471805599453,0.126285,-0.35761999999999716,0.0
2008-05-01 12:00:00+00:00,1.0550782361935309e-07,1.6094379124341003,0.6931471805599453,0.122772,-0.057218999999918196,0.0
2008-05-01 13:00:00+00:00,1.054660652142728e-07,1.6094379124341003,0.6931471805599453,0.13933,0.18596200000001772,0.0
2008-05-01 14:00:00+00:00,1.1236846583490502e-07,1.791759469228055,0.0,0.123274,0.18596199999990404,0.0
2008-05-01 15:00:00+00:00,1.0082265975402505e-07,1.791759469228055,0.0,0.11926,0.014305000000035761,0.0
2008-05-01 16:00:00+00:00,1.0167528129222258e-07,1.3862943611198906,0.0,0.11926,0.21457199999997556,0.0
2008-05-01 17:00:00+00:00,9.65266624001934e-08,1.3862943611198906,0.0,0.122772,0.04291399999999612,0.0
2008-05-01 18:00:00+00:00,1.36199726547146e-07,1.3862943611198906,0.0,0.131302,-0.04291399999999612,0.0
2008-05-01 19:00:00+00:00,3.3591383238778934e-07,1.3862943611198906,0.0,0.123274,-0.8582870000000185,0.0
2008-05-01 20:00:00+00:00,9.788587888721009e-08,1.3862943611198906,0.0,0.126786,-0.12874399999998332,0.0
2008-05-01 21:00:00+00:00,2.7789484576356797e-06,1.3862943611198906,1.0986122886681096,0.131804,0.10013400000002548,0.0
2008-05-01 22:00:00+00:00,5.304149887868489e-07,1.3862943611198906,1.3862943611198904,0.1308,-0.12874299999998584,0.0
2008-05-01 23:00:00+00:00,1.0175793963504607e-07,1.3862943611198906,1.3862943611198904,0.126285,-0.014305000000035761,0.0
2008-05-02 00:00:00+00:00,9.486188856649973e-08,1.3862943611198906,1.3862943611198904,0.138327,0.6294110000000046,0.0
2008-05-02 01:00:00+00:00,1.118366295080795e-06,1.3862943611198906,1.3862943611198904,0.13933,0.22887600000001385,0.0
2008-05-02 02:00:00+00:00,4.369424368949168e-06,1.3862943611198906,1.3862943611198904,0.1308,-0.21457099999997808,0.0
2008-05-02 03:00:00+00:00,1.6242899226794307e-06,2.1972245773362196,0.6931471805599453,0.13933,0.17165699999998196,0.0
2008-05-02 04:00:00+00:00,6.117024562449508e-07,2.3978952727983707,0.0,0.130299,-0.47205799999994724,0.0
2008-05-02 05:00:00+00:00,1.3766165912266208e-07,2.3978952727983707,0.0,0.133811,-0.8725920000000542,0.0
2008-05-02 06:00:00+00:00,1.2028459116070406e-07,2.3978952727983707,0.0,0.135316,-0.8582870000000185,0.0
2008-05-02 07:00:00+00:00,1.461043239517426e-07,2.3978952727983707,0.0,0.142843,-0.5721919999999727,0.0
2008-05-02 08:00:00+00:00,1.0343192948035113e-07,2.3978952727983707,0.0,0.135316,-0.6723250000000007,0.0
2008-05-02 09:00:00+00:00,1.0664411804088905e-07,2.4849066497880004,0.0,0.126786,-0.28609500000004573,0.0
2008-05-02 10:00:00+00:00,1.0732841094449704e-07,2.4849066497880004,0.0,0.126786,0.100133000000028,0.0
2008-05-02 11:00:00+00:00,1.0573556891942132e-07,2.4849066497880004,0.0,0.119762,0.6580200000000787,0.0
2008-05-02 12:00:00+00:00,2.0033221259972667e-07,2.4849066497880004,0.0,0.122772,0.1001339999999118,0.0
2008-05-02 13:00:00+00:00,1.1159139060139253e-07,2.4849066497880004,0.0,0.111734,0.42914300000006733,0.0
2008-05-02 14:00:00+00:00,1.1171291068791444e-07,2.4849066497880004,0.4054651081081645,0.116249,0.37192499999991924,0.0
2008-05-02 15:00:00+00:00,1.0317380043600322e-07,2.4849066497880004,0.6931471805599453,0.10772,0.21457200000008925,0.0
2008-05-02 16:00:00+00:00,1.518401166111182e-07,2.4849066497880004,1.252762968495368,0.116249,0.3433149999999614,0.0
2008-05-02 17:00:00+00:00,1.0075572710144639e-07,2.4849066497880004,1.252762968495368,0.123776,0.22887600000001385,0.0
2008-05-02 18:00:00+00:00,1.099063052553101e-07,2.5649493574615367,1.0986122886681096,0.123274,0.05721900000003188,0.0
2008-05-02 19:00:00+00:00,1.0416987320975232e-07,2.5649493574615367,1.0986122886681096,0.139832,-0.37192400000003545,0.0
2008-05-02 20:00:00+00:00,1.0418163136187366e-07,2.6390573296152584,0.916290731874155,0.135316,-0.22887700000001132,0.0
2008-05-02 21:00:00+00:00,1.0157878256561764e-07,2.70805020110221,0.6931471805599453,0.139832,0.014305000000035761,0.0
2008-05-02 22:00:00+00:00,1.0903425717913904e-07,2.8903717578961645,0.0,0.1308,0.014304999999922074,0.0
2008-05-02 23:00:00+00:00,1.1344407059939859e-07,2.8903717578961645,0.0,0.13933,-0.08582899999998972,0.0
2008-05-03 00:00:00+00:00,1.0131600780589685e-07,2.8903717578961645,0.0,0.13933,0.3290100000000393,0.0
2008-05-03 01:00:00+00:00,1.0382790586729564e-07,2.8903717578961645,0.0,0.135316,0.2002669999999398,0.0
2008-05-03 02:00:00+00:00,1.032515840833596e-07,2.833213344056216,0.0,0.143344,0.25748600000008537,0.0
2008-05-03 03:00:00+00:00,1.1043153733772749e-07,2.833213344056216,0.0,0.142843,0.17165799999997944,0.0
2008-05-03 04:00:00+00:00,1.0553007244214314e-07,2.772588722239781,0.0,0.139832,-0.15735300000005736,0.0
2008-05-03 05:00:00+00:00,1.0747954540203078e-07,2.772588722239781,0.0,0.152878,-0.5006669999999076,0.0
2008-05-03 06:00:00+00:00,1.1612519664241551e-07,2.772588722239781,0.0,0.14786,-0.8296780000000581,0.0
2008-05-03 07:00:00+00:00,2.39886234923518e-07,2.772588722239781,0.6931471805599453,0.14786,-0.4291439999999511,0.0
2008-05-03 08:00:00+00:00,1.2112323514546306e-07,2.772588722239781,0.916290731874155,0.13933,-0.41483900000002905,0.0
2008-05-03 09:00:00+00:00,1.0821774265524997e-07,2.772588722239781,0.916290731874155,0.131302,0.15735299999994368,0.0
2008-05-03 10:00:00+00:00,9.990188066453587e-08,2.772588722239781,0.916290731874155,0.131302,0.10013400000002548,0.0
2008-05-03 11:00:00+00:00,1.0453901039444988e-07,2.833213344056216,0.6931471805599453,0.131804,0.100133000000028,0.0
2008-05-03 12:00:00+00:00,1.0942635741903112e-07,2.833213344056216,0.6931471805599453,0.128292,0.05721900000003188,0.0
2008-05-03 13:00:00+00:00,1.0425590442595409e-07,2.9444389791664403,0.0,0.108221,0.32900999999992564,0.0
2008-05-03 14:00:00+00:00,1.0404317935386306e-07,2.9444389791664403,0.0,0.10772,0.5864970000000085,0.0
2008-05-03 15:00:00+00:00,1.1004243972067815e-07,2.9444389791664403,0.0,0.118758,0.27179100000000744,0.0
2008-05-03 16:00:00+00:00,1.0296131631739301e-07,2.9444389791664403,0.2027325540540823,0.112737,-0.1859630000000152,0.0
2008-05-03 17:00:00+00:00,1.029583531086401e-07,2.9444389791664403,0.0,0.115748,0.5149730000000545,0.0
2008-05-03 18:00:00+00:00,1.0043303350808758e-07,2.9444389791664403,0.0,0.127288,-0.0,0.0
2008-05-03 19:00:00+00:00,1.0420306281944254e-07,2.9444389791664403,0.0,0.122772,-0.35761999999999716,0.0
2008-05-03 20:00:00+00:00,1.0622445085970307e-07,2.9444389791664403,0.0,0.138828,-0.27179100000000744,0.0
2008-05-03 21:00:00+00:00,1.087891378457905e-07,2.9444389791664403,0.05889151782819191,0.1308,0.07152399999995396,0.0
2008-05-03 22:00:00+00:00,9.881825579611595e-08,3.044522437723423,0.0,0.133811,0.12874299999998584,0.0
2008-05-03 23:00:00+00:00,1.0821437642185446e-07,3.044522437723423,0.0,0.1308,0.41483900000002905,0.0
2008-05-04 00:00:00+00:00,1.0255663012410583e-07,3.044522437723423,0.0,0.143344,0.4291440000000648,0.0
2008-05-04 01:00:00+00:00,1.1001966356574156e-07,3.044522437723423,0.0,0.13933,0.48636199999998553,0.0
2008-05-04 02:00:00+00:00,1.1646780302665899e-07,3.044522437723423,0.0,0.13933,0.37192499999991924,0.0
2008-05-04 03:00:00+00:00,1.034462391998055e-07,2.772588722239781,0.0,0.146857,0.12874300000009953,0.0
2008-05-04 04:00:00+00:00,1.0740977534971127e-07,2.70805020110221,0.0,0.146857,-0.0858290000001034,0.0
2008-05-04 05:00:00+00:00,1.338697428625045e-07,2.70805020110221,0.0,0.146857,-0.4434479999999894,0.0
2008-05-04 06:00:00+00:00,1.0919602302022405e-07,2.70805020110221,0.0,0.146355,-0.8582869999999048,0.0
2008-05-04 07:00:00+00:00,1.0822844803190308e-07,2.70805020110221,0.0,0.13933,-0.5435820000000149,0.0
2008-05-04 08:00:00+00:00,1.1652472565830079e-07,2.70805020110221,0.0,0.138828,-0.3719250000000329,0.0
2008-05-04 09:00:00+00:00,1.1511135140371932e-07,2.6390573296152584,0.0,0.147358,-0.04291399999999612,0.0
2008-05-04 10:00:00+00:00,1.0831181500204872e-07,2.6390573296152584,0.0,0.144348,-0.0,0.0
2008-05-04 11:00:00+00:00,1.2014399050682967e-07,2.6390573296152584,0.0,0.118758,-0.0429149999999936,0.0
2008-05-04 12:00:00+00:00,1.1083409844597824e-07,2.6390573296152584,0.0,0.127288,0.17165799999997944,0.0
2008-05-04 13:00:00+00:00,1.0473079348395784e-07,2.6390573296152584,0.0,0.127288,0.2574859999999717,0.0
2008-05-04 14:00:00+00:00,1.0886127844635476e-07,2.6390573296152584,0.0,0.119762,0.35761999999999716,0.0
2008-05-04 15:00:00+00:00,1.1112027336003238e-07,2.6390573296152584,0.0,0.107218,0.014305000000035761,0.0
2008-05-04 16:00:00+00:00,9.837763583413419e-08,2.6390573296152584,0.0,0.111734,-0.0429149999999936,0.0
2008-05-04 17:00:00+00:00,1.08640303607213e-07,2.6390573296152584,0.0,0.114744,0.08582899999998972,0.0
2008-05-04 18:00:00+00:00,9.788371584316652e-08,2.5649493574615367,0.0,0.118256,0.1430480000000216,0.0
2008-05-04 19:00:00+00:00,1.0683015932017453e-07,2.5649493574615367,0.0,0.130299,-0.5435820000000149,0.0
2008-05-04 20:00:00+00:00,1.1119085986192017e-07,2.4849066497880004,0.0,0.127288,-0.3862289999999575,0.0
2008-05-04 21:00:00+00:00,1.0628553069643088e-07,2.3978952727983707,0.0,0.134814,0.02860899999996036,0.0
2008-05-04 22:00:00+00:00,1.1397885638154402e-07,2.0794415416798357,0.0,0.133811,-0.17165699999998196,0.0
2008-05-04 23:00:00+00:00,1.1051487653253468e-07,2.0794415416798357,0.0,0.133309,0.21457199999997556,0.0
2008-05-05 00:00:00+00:00,1.1577754222247146e-07,2.0794415416798357,0.0,0.142341,0.3576189999999997,0.0
2008-05-05 01:00:00+00:00,1.0932499006001019e-07,2.0794415416798357,0.0,0.142843,0.24318200000004708,0.0
2008-05-05 02:00:00+00:00,1.037663702900558e-07,2.0794415416798357,0.0,0.150369,0.24318099999993592,0.0
2008-05-05 03:00:00+00:00,1.0563146624430822e-07,2.0794415416798357,0.0,0.146355,0.20026700000005349,0.0
2008-05-05 04:00:00+00:00,1.0165508068224674e-07,2.0794415416798357,0.0,0.138828,-0.17165699999998196,0.0
2008-05-05 05:00:00+00:00,1.0502496904792703e-07,2.0794415416798357,0.0,0.145853,-0.5578870000000506,0.0
2008-05-05 06:00:00+00:00,1.1141857108610875e-07,2.0794415416798357,0.0,0.141337,-0.9584210000000439,0.0
2008-05-05 07:00:00+00:00,9.738077113719633e-08,2.0794415416798357,0.0,0.137323,-0.3433149999999614,0.0
2008-05-05 08:00:00+00:00,9.602465465536293e-08,2.0794415416798357,0.0,0.141839,-0.2574859999999717,0.0
2008-05-05 09:00:00+00:00,8.911325460120666e-08,2.0794415416798357,0.0,0.138327,-0.12874299999998584,0.0
2008-05-05 10:00:00+00:00,1.045567703025088e-07,2.0794415416798357,0.6931471805599453,0.122271,-0.30040100000007897,0.0
2008-05-05 11:00:00+00:00,2.865981362704421e-07,1.9459101490553132,0.6931471805599453,0.118256,0.5435820000000149,0.0
2008-05-05 12:00:00+00:00,1.0390933267201154e-07,1.9459101490553132,0.6931471805599453,0.122271,0.0429149999999936,0.0
2008-05-05 13:00:00+00:00,9.527309282225783e-08,1.6094379124341003,0.6931471805599453,0.114242,0.42914300000006733,0.0
2008-05-05 14:00:00+00:00,1.0572057712256381e-07,1.3862943611198906,0.6931471805599453,0.118256,0.15735299999994368,0.0
2008-05-05 15:00:00+00:00,1.0331642145049327e-07,1.3862943611198906,0.6931471805599453,0.118256,0.35761999999999716,0.0
2008-05-05 16:00:00+00:00,9.332920880415312e-08,1.6094379124341003,0.0,0.122271,0.4005339999999933,0.0
2008-05-05 17:00:00+00:00,1.008102478363825e-07,1.6094379124341003,0.0,0.121769,0.11443800000006377,0.0
2008-05-05 18:00:00+00:00,9.5564623254275e-08,1.6094379124341003,0.0,0.121769,-0.20026700000005349,0.0
2008-05-05 19:00:00+00:00,1.0164147633766155e-07,1.6094379124341003,0.0,0.121769,-0.4291439999999511,0.0
2008-05-05 20:00:00+00:00,9.819224947963647e-08,1.6094379124341003,0.0,0.129797,-0.25748600000008537,0.0
2008-05-05 21:00:00+00:00,1.0651816211250982e-07,1.6094379124341003,0.0,0.130299,0.21457200000008925,0.0
2008-05-05 22:00:00+00:00,1.380369202422881e-07,1.0986122886681098,0.0,0.129295,0.15735299999994368,0.0
2008-05-05 23:00:00+00:00,1.016064164860012e-07,1.0986122886681098,0.0,0.133309,0.3433150000000751,0.0
2008-05-06 00:00:00+00:00,9.435356949863257e-08,1.0986122886681098,0.0,0.133811,0.658019999999965,0.0
2008-05-06 01:00:00+00:00,9.479409717296747e-08,1.0986122886681098,0.0,0.137825,0.32900999999992564,0.0
2008-05-06 02:00:00+00:00,9.187205646931591e-08,1.0986122886681098,0.0,0.133811,0.15735300000005736,0.0
2008-05-06 03:00:00+00:00,9.668256206822733e-08,1.0986122886681098,0.6931471805599453,0.137825,0.3003999999999678,0.0
2008-05-06 04:00:00+00:00,9.541048190399306e-08,0.6931471805599453,1.0986122886681098,0.137323,0.21457199999997556,0.0
2008-05-06 05:00:00+00:00,9.842848641078892e-08,0.6931471805599453,1.0986122886681098,0.133811,-0.4005339999999933,0.0
2008-05-06 06:00:00+00:00,1.042661863085785e-07,0.6931471805599453,1.0986122886681098,0.133309,-0.2431819999999334,0.0
2008-05-06 07:00:00+00:00,9.912892019702538e-08,0.6931471805599453,1.3862943611198906,0.129295,-0.6437150000000429,0.0
2008-05-06 08:00:00+00:00,1.2944677833546274e-07,0.6931471805599453,1.3862943611198906,0.133309,-0.22887700000001132,0.0
2008-05-06 09:00:00+00:00,1.6790485356912934e-07,1.0986122886681098,1.0986122886681098,0.120765,-0.10013299999991432,0.0
2008-05-06 10:00:00+00:00,9.601215023527668e-08,1.3862943611198906,0.6931471805599453,0.130299,-0.014305000000035761,0.0
2008-05-06 11:00:00+00:00,9.473907409097955e-08,1.3862943611198906,0.6931471805599453,0.126285,0.31470500000000357,0.2
2008-05-06 12:00:00+00:00,8.767825266016635e-08,1.3862943611198906,0.6931471805599453,0.134313,-0.31470500000000357,0.6
2008-05-06 13:00:00+00:00,1.15885792381512e-07,1.6094379124341003,0.0,0.13632,0.6794774999999618,5.4
2008-05-06 14:00:00+00:00,9.512681474668125e-08,1.6094379124341003,0.0,0.138327,0.6794775000000755,1.3
2008-05-06 15:00:00+00:00,8.679843948128315e-08,1.6094379124341003,0.0,0.138327,0.17165699999998196,0.9
2008-05-06 16:00:00+00:00,9.114707349001615e-08,1.6094379124341003,0.0,0.133811,0.31470600000000104,0.1
2008-05-06 17:00:00+00:00,9.511820019925364e-08,1.6094379124341003,0.0,0.142843,-0.0429149999999936,0.0
2008-05-06 18:00:00+00:00,1.0016788347455372e-07,1.6094379124341003,0.0,0.138327,-0.11443800000006377,0.0
2008-05-06 19:00:00+00:00,1.3893128795271354e-07,1.6094379124341003,0.0,0.142341,-0.18596200000001772,0.0
2008-05-06 20:00:00+00:00,1.1206463345687052e-07,1.6094379124341003,0.0,0.146355,-0.2860959999999295,0.0
2008-05-06 21:00:00+00:00,9.142281523628516e-08,1.6094379124341003,0.0,0.142341,0.17165799999997944,0.2
2008-05-06 22:00:00+00:00,9.329568606924734e-08,1.6094379124341003,0.0,0.146857,0.14304700000002413,0.0
2008-05-06 23:00:00+00:00,9.105384456594453e-08,1.6094379124341003,0.0,0.142341,0.41483899999991536,0.0
2008-05-07 00:00:00+00:00,9.643380555103773e-08,1.6094379124341003,0.0,0.154885,0.5721920000000864,0.0
2008-05-07 01:00:00+00:00,8.430912142336292e-08,1.6094379124341003,0.0,0.154885,0.5578859999999395,0.0
2008-05-07 02:00:00+00:00,8.158446902842806e-08,1.6094379124341003,0.0,0.150369,0.25748699999996916,0.0
2008-05-07 03:00:00+00:00,8.690242791619677e-08,1.6094379124341003,0.0,0.150369,0.100133000000028,0.0
2008-05-07 04:00:00+00:00,8.32878115590471e-08,1.6094379124341003,0.0,0.140334,-0.08582899999998972,0.0
2008-05-07 05:00:00+00:00,9.844549257142201e-08,1.6094379124341003,0.0,0.145853,-0.5006670000000213,0.0
2008-05-07 06:00:00+00:00,8.36158223117537e-08,1.6094379124341003,0.0,0.154885,-0.2574859999999717,0.0
2008-05-07 07:00:00+00:00,7.965879340003054e-08,1.6094379124341003,0.0,0.142341,-0.7152399999999943,0.0
2008-05-07 08:00:00+00:00,1.915969083873392e-07,1.6094379124341003,0.0,0.142341,-0.27179100000000744,0.0
2008-05-07 09:00:00+00:00,8.264275422029443e-08,1.6094379124341003,0.0,0.137825,-0.22887600000001385,0.1
2008-05-07 10:00:00+00:00,8.709604509139596e-08,1.6094379124341003,0.0,0.134814,0.11443800000006377,0.2
2008-05-07 11:00:00+00:00,8.235120246443236e-08,1.6094379124341003,0.0,0.133811,-0.18596200000001772,0.0
2008-05-07 12:00:00+00:00,8.972091482620897e-08,1.6094379124341003,0.0,0.133811,0.31470500000000357,0.4
2008-05-07 13:00:00+00:00,8.861150072812772e-08,1.6094379124341003,0.0,0.135316,0.37192499999991924,0.5
2008-05-07 14:00:00+00:00,8.013213828796214e-08,1.6094379124341003,0.0,0.138828,0.25748600000008537,0.4
2008-05-07 15:00:00+00:00,7.695252810181559e-08,1.6094379124341003,0.0,0.146857,0.3576189999999997,0.0
2008-05-07 16:00:00+00:00,4.930723890737813e-06,1.3862943611198906,0.0,0.134814,-0.028609000000074047,0.0
2008-05-07 17:00:00+00:00,3.391213531842094e-05,1.3862943611198906,0.0,0.137323,-0.2002669999999398,0.0
2008-05-07 18:00:00+00:00,2.0026329265136856e-06,1.3862943611198906,0.0,0.146355,-0.08582899999998972,0.0
2008-05-07 19:00:00+00:00,4.7374906810186876e-07,1.3862943611198906,0.0,0.138327,-0.5578870000000506,0.1
2008-05-07 20:00:00+00:00,1.4315817305455002e-07,1.3862943611198906,0.0,0.134313,-0.48636199999998553,0.2
2008-05-07 21:00:00+00:00,1.1533047057267144e-07,1.3862943611198906,0.0,0.134313,0.100133000000028,0.0
2008-05-07 22:00:00+00:00,8.389532359556176e-08,1.3862943611198906,0.0,0.145853,-0.1430480000000216,0.0
2008-05-07 23:00:00+00:00,8.563724564176884e-08,1.3862943611198906,0.0,0.154885,0.07152399999995396,0.0
2008-05-08 00:00:00+00:00,7.928103903568506e-08,1.3862943611198906,0.0,0.145853,0.6866300000000365,0.0
2008-05-08 01:00:00+00:00,8.166886442263693e-08,1.3862943611198906,0.0,0.145853,0.07152400000006764,0.0
2008-05-08 02:00:00+00:00,8.16045655056913e-08,1.3862943611198906,0.0,0.153881,0.2860959999999295,0.0
2008-05-08 03:00:00+00:00,8.338636570069353e-08,1.3862943611198906,0.0,0.158397,-0.014305000000035761,0.0
2008-05-08 04:00:00+00:00,9.127908092128812e-08,1.3862943611198906,0.0,0.157895,-0.12874299999998584,0.0
2008-05-08 05:00:00+00:00,8.331859518080567e-08,1.3862943611198906,0.0,0.150369,-0.6151059999999688,0.0
2008-05-08 06:00:00+00:00,8.212993668573589e-08,1.3862943611198906,0.0,0.149365,-0.6151059999999688,0.0
2008-05-08 07:00:00+00:00,3.3062002098086124e-07,1.3862943611198906,0.0,0.145351,-0.47205800000006093,0.0
2008-05-08 08:00:00+00:00,9.041335577806236e-08,1.3862943611198906,0.0,0.153881,-0.5721909999999752,0.0
2008-05-08 09:00:00+00:00,9.763034581472371e-08,1.0986122886681098,0.6931471805599453,0.141839,-0.1859630000000152,0.0
2008-05-08 10:00:00+00:00,1.108087758282565e-07,0.6931471805599453,0.6931471805599453,0.137825,-0.3862289999999575,0.0
2008-05-08 11:00:00+00:00,9.523840308014214e-08,0.6931471805599453,0.6931471805599453,0.138327,-0.07152400000006764,0.0
2008-05-08 12:00:00+00:00,2.7733999386653625e-07,0.6931471805599453,0.6931471805599453,0.130299,0.30040100000007897,0.0
2008-05-08 13:00:00+00:00,8.19743769541537e-08,0.0,0.6931471805599453,0.125783,0.18596200000001772,0.0
2008-05-08 14:00:00+00:00,7.862194861291864e-08,0.0,0.6931471805599453,0.117253,0.5149719999999434,0.0
2008-05-08 15:00:00+00:00,9.434216505400944e-08,0.6931471805599453,0.0,0.118256,0.3290100000000393,0.0
2008-05-08 16:00:00+00:00,7.55105054002604e-08,0.6931471805599453,0.0,0.113741,0.15735299999994368,0.0
2008-05-08 17:00:00+00:00,1.7395668856114179e-07,0.6931471805599453,0.0,0.121769,0.30040100000007897,0.0
2008-05-08 18:00:00+00:00,8.226846367348378e-08,0.6931471805599453,0.0,0.122271,0.6437149999999292,0.0
2008-05-08 19:00:00+00:00,1.8774126431135316e-07,0.6931471805599453,0.6931471805599453,0.133309,0.12874299999998584,0.0
2008-05-08 20:00:00+00:00,1.1215822408513496e-07,0.6931471805599453,1.791759469228055,0.133811,-0.21457199999997556,0.0
2008-05-08 21:00:00+00:00,7.947480830722374e-08,0.6931471805599453,1.9459101490553132,0.141839,-0.014304000000038286,0.0
2008-05-08 22:00:00+00:00,1.349590516505298e-07,0.6931471805599453,1.9459101490553132,0.137825,0.07152300000007017,0.0
2008-05-08 23:00:00+00:00,1.2338561157062006e-07,0.6931471805599453,1.9459101490553132,0.138327,0.15735299999994368,0.0
2008-05-09 00:00:00+00:00,4.303778918462148e-07,0.6931471805599453,1.9459101490553132,0.154383,0.7009350000000723,0.0
2008-05-09 01:00:00+00:00,1.1871762885419407e-07,1.0986122886681098,1.791759469228055,0.146355,0.5435820000000149,0.0
2008-05-09 02:00:00+00:00,9.60235293762345e-08,1.9459101490553132,0.6931471805599453,0.145853,0.2574859999999717,0.0
2008-05-09 03:00:00+00:00,9.159341504304784e-08,2.0794415416798357,0.0,0.141337,0.05721900000003188,0.0
2008-05-09 04:00:00+00:00,9.090298808707538e-08,2.0794415416798357,0.0,0.153881,0.32900999999992564,0.0
2008-05-09 05:00:00+00:00,1.1288264059002564e-07,2.0794415416798357,0.0,0.153881,-0.6437149999999292,0.0
2008-05-09 06:00:00+00:00,1.4191968694941908e-07,2.0794415416798357,0.0,0.140334,-0.6294110000000046,0.0
2008-05-09 07:00:00+00:00,9.168156110633296e-08,2.0794415416798357,0.0,0.149867,-0.4863630000000967,0.0
2008-05-09 08:00:00+00:00,1.1115646015437766e-07,2.0794415416798357,0.0,0.140835,-0.24318099999993592,0.0
2008-05-09 09:00:00+00:00,1.0748674045181751e-07,2.0794415416798357,0.0,0.136821,0.42914299999995364,0.0
2008-05-09 10:00:00+00:00,9.180631403176854e-08,2.0794415416798357,0.0,0.137825,0.17165799999997944,0.0
2008-05-09 11:00:00+00:00,1.0990429623320014e-07,2.0794415416798357,0.0,0.132807,-0.11443799999995008,0.0
2008-05-09 12:00:00+00:00,1.3370193714472365e-07,2.0794415416798357,0.0,0.133811,0.04291399999999612,0.0
2008-05-09 13:00:00+00:00,1.2910925308904432e-07,2.0794415416798357,0.0,0.125783,0.2860960000000432,0.0
2008-05-09 14:00:00+00:00,1.725289016559078e-07,2.0794415416798357,0.0,0.137825,0.21457199999997556,0.0
2008-05-09 15:00:00+00:00,1.4311007749361396e-07,2.0794415416798357,0.0,0.138327,0.3290100000000393,0.0
2008-05-09 16:00:00+00:00,1.5476038733101073e-07,2.0794415416798357,0.0,0.146355,0.8153729999999086,0.0
2008-05-09 17:00:00+00:00,1.896308469669621e-07,2.0794415416798357,0.0,0.133811,0.3290100000000393,0.0
2008-05-09 18:00:00+00:00,1.6425394550216673e-07,2.0794415416798357,0.0,0.146355,-0.07152399999995396,0.0
2008-05-09 19:00:00+00:00,1.7852109064787112e-07,2.0794415416798357,0.6931471805599453,0.141839,-0.0429149999999936,0.0
2008-05-09 20:00:00+00:00,1.9287856142658068e-07,2.0794415416798357,0.6931471805599453,0.145853,-0.3004000000000815,0.0
2008-05-09 21:00:00+00:00,1.8601446979814773e-07,2.0794415416798357,0.6931471805599453,0.153379,0.31470500000000357,0.0
2008-05-09 22:00:00+00:00,1.2200034989778084e-06,2.0794415416798357,0.6931471805599453,0.154383,0.17165799999997944,0.0
2008-05-09 23:00:00+00:00,9.548147646041233e-07,2.0794415416798357,0.6931471805599453,0.170439,0.6580200000000787,0.0
2008-05-10 00:00:00+00:00,3.205279059468279e-07,2.0794415416798357,0.6931471805599453,0.162411,0.6294100000000071,0.0
2008-05-10 01:00:00+00:00,2.243827362858857e-07,2.1972245773362196,0.6931471805599453,0.157895,0.27179100000000744,0.0
2008-05-10 02:00:00+00:00,2.652343175879197e-07,2.1972245773362196,0.6931471805599453,0.157895,0.14304799999990792,0.0
2008-05-10 03:00:00+00:00,2.3732873441007396e-07,2.1972245773362196,0.6931471805599453,0.165923,0.25748600000008537,0.0
2008-05-10 04:00:00+00:00,2.7554367582206187e-07,2.1972245773362196,0.6931471805599453,0.17345,-0.11443800000006377,0.0
2008-05-10 05:00:00+00:00,2.7414521446311056e-07,2.1972245773362196,0.6931471805599453,0.170941,1.0156400000000758,0.0
2008-05-10 06:00:00+00:00,2.995655584798754e-07,2.1972245773362196,0.6931471805599453,0.194523,-0.11443800000006377,0.0
2008-05-10 07:00:00+00:00,3.1717533259470707e-07,2.302585092994046,0.0,0.178467,-0.4005339999999933,0.0
2008-05-10 08:00:00+00:00,3.400603185947268e-07,2.302585092994046,0.0,0.191011,0.12874299999998584,0.0
2008-05-10 09:00:00+00:00,3.498557928728347e-07,2.302585092994046,0.0,0.199541,0.4434479999999894,0.6
2008-05-10 10:00:00+00:00,3.9787990683170053e-07,2.302585092994046,0.0,0.182983,-0.45775300000002517,0.5
2008-05-10 11:00:00+00:00,3.6199475551569226e-07,2.302585092994046,0.0,0.199541,-0.22887699999989763,0.0
2008-05-10 12:00:00+00:00,3.8204451799428653e-07,2.302585092994046,0.0,0.183485,0.3433149999999614,0.0
2008-05-10 13:00:00+00:00,4.217539041106135e-07,2.302585092994046,0.0,0.178969,0.35761999999999716,0.0
2008-05-10 14:00:00+00:00,3.977496163797313e-07,2.302585092994046,0.0,0.178969,0.2574859999999717,0.0
2008-05-10 15:00:00+00:00,4.1919445273088995e-07,2.1972245773362196,0.0,0.179471,-0.11443799999995008,0.0
2008-05-10 16:00:00+00:00,5.0347483830943e-07,2.1972245773362196,0.0,0.175958,-0.21457199999997556,0.0
2008-05-10 17:00:00+00:00,4.364246715773201e-07,2.1972245773362196,0.0,0.170941,-0.18596200000001772,0.3
2008-05-10 18:00:00+00:00,4.158091389889344e-07,2.1972245773362196,0.0,0.174955,-0.27179100000000744,0.0
2008-05-10 19:00:00+00:00,4.179119291196604e-07,2.1972245773362196,0.0,0.158397,-0.8296780000000581,0.0
2008-05-10 20:00:00+00:00,4.725361221755988e-07,2.1972245773362196,0.0,0.154383,-0.2860959999999295,0.0
2008-05-10 21:00:00+00:00,4.5939001198096783e-07,2.1972245773362196,0.0,0.165923,-0.3576189999999997,0.0
2008-05-10 22:00:00+00:00,4.5351029417641536e-07,2.1972245773362196,0.0,0.174955,0.11443799999995008,0.0
2008-05-10 23:00:00+00:00,4.6677665974124044e-07,2.1972245773362196,0.0,0.170941,-0.22887700000001132,0.0
2008-05-11 00:00:00+00:00,4.780716645542356e-07,2.1972245773362196,0.0,0.170439,0.0429149999999936,0.0
2008-05-11 01:00:00+00:00,4.4568321079601795e-07,2.0794415416798357,0.0,0.186997,0.17165699999998196,0.0
2008-05-11 02:00:00+00:00,5.309418638474914e-07,1.3862943611198906,0.0,0.191011,0.10013400000002548,0.0
2008-05-11 03:00:00+00:00,4.70705744572709e-07,1.0986122886681098,0.0,0.178467,-0.21457199999997556,0.0
2008-05-11 04:00:00+00:00,5.207001242912601e-07,1.0986122886681098,0.0,0.178467,-0.12874299999998584,0.0
2008-05-11 05:00:00+00:00,4.679296960363408e-07,1.0986122886681098,0.0,0.178467,-0.3290100000000393,0.0
2008-05-11 06:00:00+00:00,5.037803574640012e-07,1.0986122886681098,0.0,0.179471,-0.5864970000000085,0.0
2008-05-11 07:00:00+00:00,5.320367253626548e-07,1.0986122886681098,0.0,0.169937,-0.21457099999997808,0.0
2008-05-11 08:00:00+00:00,5.119129427126772e-07,1.0986122886681098,0.0,0.170941,-0.1430480000000216,0.0
2008-05-11 09:00:00+00:00,4.804297153798005e-07,1.0986122886681098,0.0,0.169937,-1.1157739999999876,0.3
2008-05-11 10:00:00+00:00,5.487351665983257e-07,1.0986122886681098,0.6931471805599453,0.182983,-0.05721900000003188,0.4
2008-05-11 11:00:00+00:00,5.214217313670291e-07,1.0986122886681098,0.6931471805599453,0.174453,0.22887700000001132,0.4
2008-05-11 12:00:00+00:00,4.250261239012919e-07,1.0986122886681098,0.6931471805599453,0.166425,-0.47205799999994724,0.6
2008-05-11 13:00:00+00:00,4.783188758130554e-07,1.0986122886681098,0.6931471805599453,0.170439,0.3003999999999678,0.5
2008-05-11 14:00:00+00:00,4.6754361516483457e-07,1.0986122886681098,0.6931471805599453,0.174955,0.31470600000000104,0.5
2008-05-11 15:00:00+00:00,4.539107474355373e-07,1.0986122886681098,0.6931471805599453,0.162411,-0.1430480000000216,0.6
2008-05-11 16:00:00+00:00,4.212914582785726e-07,1.3862943611198906,0.0,0.162411,-0.2574859999999717,0.6
2008-05-11 17:00:00+00:00,4.912669988101356e-07,1.3862943611198906,0.0,0.170439,0.05721900000003188,1.3
2008-05-11 18:00:00+00:00,5.246019457724232e-07,1.3862943611198906,0.0,0.158397,-0.10013400000002548,0.3
2008-05-11 19:00:00+00:00,4.7000228322436026e-07,1.3862943611198906,0.0,0.161909,-0.07152399999995396,0.7
2008-05-11 20:00:00+00:00,4.7071605553995916e-07,1.3862943611198906,0.0,0.170941,-0.22887600000001385,0.5
2008-05-11 21:00:00+00:00,4.772043381544887e-07,1.3862943611198906,0.0,0.166927,0.014304999999922074,0.1
2008-05-11 22:00:00+00:00,4.999254626037064e-07,1.3862943611198906,0.0,0.166927,0.3862290000000712,0.3
2008-05-11 23:00:00+00:00,4.93644654615461e-07,1.3862943611198906,0.0,0.166927,0.3862289999999575,0.3
2008-05-12 00:00:00+00:00,4.638044993651015e-07,1.3862943611198906,0.0,0.169937,0.1430480000000216,0.2
2008-05-12 01:00:00+00:00,5.333049125375094e-07,1.0986122886681098,0.0,0.182983,0.5149719999999434,0.0
2008-05-12 02:00:00+00:00,4.746050084589483e-07,1.0986122886681098,0.0,0.174453,-0.27179099999989376,0.1
2008-05-12 03:00:00+00:00,5.731134939953786e-07,1.0986122886681098,0.0,0.174955,0.37192499999991924,0.1
2008-05-12 04:00:00+00:00,4.5141465615275084e-07,1.0986122886681098,0.0,0.166425,0.05721900000003188,0.1
2008-05-12 05:00:00+00:00,4.53490307812529e-07,1.0986122886681098,0.0,0.162411,-0.7009349999999586,0.0
2008-05-12 06:00:00+00:00,3.0481643238838e-05,1.0986122886681098,0.0,0.162411,-0.8439820000000964,0.0
2008-05-12 07:00:00+00:00,7.042154074391202e-05,0.6931471805599453,0.0,0.166425,-0.24318099999993592,0.2
2008-05-12 08:00:00+00:00,1.2761832442216997e-05,0.6931471805599453,0.0,0.163415,-0.47205800000006093,0.2
2008-05-12 09:00:00+00:00,4.58119761962712e-06,0.6931471805599453,0.0,0.174955,0.25748600000008537,0.3
2008-05-12 10:00:00+00:00,1.3961378531299207e-06,0.6931471805599453,0.0,0.166927,-0.07152400000006764,0.3
2008-05-12 11:00:00+00:00,6.649125722298658e-07,0.6931471805599453,0.0,0.191513,0.42914300000006733,0.4
2008-05-12 12:00:00+00:00,5.432271788016393e-07,0.6931471805599453,0.0,0.163415,-0.100133000000028,0.0
2008-05-12 13:00:00+00:00,3.341533159646273e-07,0.6931471805599453,0.0,0.166927,0.35761999999999716,0.2
2008-05-12 14:00:00+00:00,3.107088544687753e-07,0.6931471805599453,0.0,0.162913,0.27179100000000744,0.0
2008-05-12 15:00:00+00:00,3.087256344270641e-07,0.6931471805599453,0.0,0.167429,0.1573519999999462,0.0
2008-05-12 16:00:00+00:00,2.682896203364424e-07,0.6931471805599453,0.0,0.167429,0.4005339999999933,0.0
2008-05-12 17:00:00+00:00,2.744494955700767e-07,0.6931471805599453,0.0,0.162913,0.24318200000004708,0.0
2008-05-12 18:00:00+00:00,2.4771633497524127e-07,0.6931471805599453,0.0,0.183485,0.41483800000003157,0.8
2008-05-12 19:00:00+00:00,2.386795983834705e-07,0.6931471805599453,0.0,0.154885,-0.48636199999998553,0.0
2008-05-12 20:00:00+00:00,2.3742327429735582e-07,0.6931471805599453,0.0,0.179973,0.1573519999999462,0.0
2008-05-12 21:00:00+00:00,2.1531719701966154e-07,0.6931471805599453,0.0,0.171443,0.25748699999996916,0.0
2008-05-12 22:00:00+00:00,2.703266874360027e-07,0.6931471805599453,0.0,0.175457,0.5578860000000532,0.0
2008-05-12 23:00:00+00:00,2.3946122217492097e-07,0.6931471805599453,0.0,0.170941,-0.2431810000000496,0.0
2008-05-13 00:00:00+00:00,2.209291708216957e-07,0.6931471805599453,0.0,0.174955,0.35761999999999716,0.0
2008-05-13 01:00:00+00:00,2.1591785705415492e-07,0.6931471805599453,0.0,0.178969,0.5292770000000928,0.0
2008-05-13 02:00:00+00:00,2.362101360862287e-07,0.6931471805599453,1.0986122886681098,0.182983,0.2574859999999717,0.0
2008-05-13 03:00:00+00:00,2.9435033553599243e-07,0.6931471805599453,1.0986122886681098,0.179471,0.42914299999995364,0.0
2008-05-13 04:00:00+00:00,8.393950207746342e-07,0.6931471805599453,1.0986122886681098,0.186495,0.028610000000071523,0.0
2008-05-13 05:00:00+00:00,3.0621219978648605e-07,0.6931471805599453,1.0986122886681098,0.179471,-0.17165700000009565,0.0
2008-05-13 06:00:00+00:00,2.9995697521511903e-07,0.6931471805599453,1.0986122886681098,0.192015,-0.12874399999998332,0.0
2008-05-13 07:00:00+00:00,4.481195003888319e-07,0.6931471805599453,1.3862943611198906,0.198537,-0.04291399999999612,0.2
2008-05-13 08:00:00+00:00,3.6893319585951954e-07,1.3862943611198906,1.791759469228055,0.183987,-0.17165699999998196,0.3
2008-05-13 09:00:00+00:00,1.0061060946942785e-05,1.3862943611198906,2.9444389791664403,0.186997,0.6008010000000468,0.4
2008-05-13 10:00:00+00:00,9.88802825221176e-06,1.3862943611198906,2.995732273553991,0.183485,-0.1859630000000152,0.6
2008-05-13 11:00:00+00:00,3.485893887857611e-06,1.3862943611198906,3.1780538303479458,0.192015,0.40053499999999076,0.7
2008-05-13 12:00:00+00:00,8.776476634824349e-06,1.3862943611198906,3.2188758248682006,0.178969,0.11443799999995008,0.7
2008-05-13 13:00:00+00:00,7.745228009056527e-06,1.6094379124341003,3.258096538021482,0.181227,0.2646385000000464,0.9
2008-05-13 14:00:00+00:00,3.2064225502407095e-07,2.1972245773362196,3.091042453358316,0.183485,0.2646384999999327,0.8
2008-05-13 15:00:00+00:00,2.989949025883608e-07,3.091042453358316,2.1972245773362196,0.163415,-0.4577529999999115,2.2
2008-05-13 16:00:00+00:00,2.9188567369714234e-07,3.091042453358316,2.0794415416798357,0.170941,0.07152399999995396,0.8
2008-05-13 17:00:00+00:00,3.094651767565171e-07,3.258096538021482,1.3862943611198906,0.170941,-0.2002669999999398,1.2
2008-05-13 18:00:00+00:00,3.124217235677687e-07,3.295836866004329,1.0986122886681098,0.166927,-0.5149730000000545,0.7
2008-05-13 19:00:00+00:00,3.589476987007362e-07,3.367295829986474,0.0,0.162913,-0.41483800000003157,0.6
2008-05-13 20:00:00+00:00,3.43431434943302e-07,3.367295829986474,0.0,0.178467,-0.37192499999991924,0.5
2008-05-13 21:00:00+00:00,1.6815753110586147e-06,3.367295829986474,0.0,0.175457,-0.04291399999999612,0.6
2008-05-13 22:00:00+00:00,4.101342217475916e-07,3.367295829986474,0.5108256237659905,0.182983,0.2574859999999717,0.6
2008-05-13 23:00:00+00:00,4.5851027522102233e-07,3.367295829986474,0.5108256237659905,0.183485,0.5721909999999752,0.0
2008-05-14 00:00:00+00:00,4.510158718821449e-07,3.367295829986474,0.5108256237659905,0.183485,0.31470600000000104,0.0
2008-05-14 01:00:00+00:00,4.3441264183095783e-07,3.367295829986474,0.6931471805599452,0.187499,0.45775300000002517,0.0
2008-05-14 02:00:00+00:00,4.055099391198555e-07,3.4011973816621555,0.5108256237659905,0.186997,0.17165699999998196,0.0
2008-05-14 03:00:00+00:00,5.163789372065254e-07,3.4339872044851463,0.2876820724517808,0.191011,-0.0,0.0
2008-05-14 04:00:00+00:00,4.592492558711914e-07,3.4965075614664802,0.3669845875401001,0.195527,0.0429149999999936,0.0
2008-05-14 05:00:00+00:00,5.216689962262932e-07,3.4965075614664802,0.2231435513142097,0.191011,-0.5292769999999791,0.3
2008-05-14 06:00:00+00:00,4.02640069910803e-07,3.4965075614664802,0.11157177565710485,0.187499,-0.6723250000000007,0.0
2008-05-14 07:00:00+00:00,4.323616683630349e-07,3.5263605246161616,0.0,0.175457,-1.0013360000000375,0.0
2008-05-14 08:00:00+00:00,4.129545334976207e-07,3.5263605246161616,0.0,0.179471,-0.8725919999999405,0.1
2008-05-14 09:00:00+00:00,4.750753442560471e-07,3.5263605246161616,0.0,0.188001,-0.014304000000038286,0.0
2008-05-14 10:00:00+00:00,4.790250613271016e-07,3.6109179126442243,0.0,0.183987,0.14304700000002413,0.1
2008-05-14 11:00:00+00:00,3.8084933045705853e-07,3.6109179126442243,0.0,0.179973,-0.2431810000000496,0.1
2008-05-14 12:00:00+00:00,3.982239060253144e-07,3.6109179126442243,0.0,0.183987,0.3433150000000751,0.0
2008-05-14 13:00:00+00:00,3.127937619384647e-07,3.6109179126442243,0.0,0.171944,-0.5292770000000928,0.1
2008-05-14 14:00:00+00:00,2.793742295577723e-07,3.6109179126442243,0.0,0.175958,0.3290100000000393,0.0
2008-05-14 15:00:00+00:00,2.645021248032964e-07,3.6109179126442243,0.0,0.17646,0.17165699999998196,0.0
2008-05-14 16:00:00+00:00,2.4775999331181397e-07,3.6109179126442243,0.0,0.171944,-0.42914299999995364,0.0
2008-05-14 17:00:00+00:00,2.737045097436195e-07,3.6109179126442243,0.0,0.175457,0.1430480000000216,0.0
2008-05-14 18:00:00+00:00,2.2988016151395007e-07,3.6109179126442243,0.0,0.171443,0.0143039999999246,0.0
2008-05-14 19:00:00+00:00,1.994258324310591e-07,3.6109179126442243,0.0,0.172446,-0.7295439999999189,0.0
2008-05-14 20:00:00+00:00,1.8482661135795153e-07,3.6109179126442243,0.0,0.175958,-0.6151060000000825,0.0
2008-05-14 21:00:00+00:00,1.8285525258938002e-07,3.6109179126442243,0.0,0.180474,-0.12874299999998584,0.0
2008-05-14 22:00:00+00:00,3.869520293495522e-07,3.6109179126442243,0.0,0.184488,-0.17165699999998196,0.0
2008-05-14 23:00:00+00:00,1.6921565702767664e-07,3.6109179126442243,0.3669845875401001,0.183987,0.2431810000000496,0.0
2008-05-15 00:00:00+00:00,1.5743167989107398e-07,3.6109179126442243,0.3669845875401001,0.188001,0.6580209999999624,0.0
2008-05-15 01:00:00+00:00,1.917109794660512e-07,3.6375861597263857,0.1438410362258904,0.188001,0.5006670000000213,0.0
2008-05-15 02:00:00+00:00,1.6178988066723126e-07,3.6635616461296463,0.0,0.187499,0.057218999999918196,0.0
2008-05-15 03:00:00+00:00,1.4819876412762786e-07,3.6888794541139363,0.0,0.188502,-0.014304999999922074,0.0
2008-05-15 04:00:00+00:00,3.616007528534315e-07,3.6888794541139363,0.0,0.183485,-0.18596200000001772,0.0
2008-05-15 05:00:00+00:00,1.3479412507170755e-07,3.713572066704308,0.0,0.183485,-0.8153730000000223,0.0
2008-05-15 06:00:00+00:00,1.2156616833697214e-07,3.713572066704308,0.0,0.183987,-0.45775300000002517,0.0
2008-05-15 07:00:00+00:00,1.1801472076907114e-07,3.713572066704308,0.0,0.179973,-0.5006670000000213,0.0
2008-05-15 08:00:00+00:00,1.1332147878344757e-07,3.6635616461296463,0.1438410362258904,0.183485,-0.47205799999994724,0.0
2008-05-15 09:00:00+00:00,1.1988164231499508e-07,3.6635616461296463,0.2876820724517808,0.170941,-0.05722000000002936,0.0
2008-05-15 10:00:00+00:00,1.0314975845968038e-07,3.713572066704308,0.0,0.196029,-0.3433139999999639,0.0
2008-05-15 11:00:00+00:00,1.1447996943838494e-07,3.7376696182833684,0.0,0.180474,0.18596200000001772,0.0
2008-05-15 12:00:00+00:00,1.0051473370586251e-07,3.7376696182833684,0.0,0.177464,-0.12874299999998584,0.0
2008-05-15 13:00:00+00:00,1.0055792918005215e-07,3.713572066704308,0.0,0.172446,0.48636199999998553,0.0
2008-05-15 14:00:00+00:00,1.4093552332710414e-07,3.6109179126442243,0.0,0.189506,-0.100133000000028,0.0
2008-05-15 15:00:00+00:00,3.230302683096652e-07,3.1780538303479458,0.0,0.17646,0.31470500000000357,0.0
2008-05-15 16:00:00+00:00,1.0640628822293744e-07,3.1354942159291497,0.0,0.164418,0.3290100000000393,0.0
2008-05-15 17:00:00+00:00,1.2432927568449775e-07,2.9444389791664403,0.0,0.172446,0.12874299999998584,0.0
2008-05-15 18:00:00+00:00,1.0777169158834314e-07,2.8903717578961645,0.0,0.16793,0.12874399999998332,0.0
2008-05-15 19:00:00+00:00,9.823468831842275e-08,2.772588722239781,0.0,0.16793,-0.386229999999955,0.0
2008-05-15 20:00:00+00:00,1.0346062287058267e-07,2.772588722239781,0.0,0.163916,-0.586496000000011,0.0
2008-05-15 21:00:00+00:00,1.1178885118886827e-07,2.772588722239781,0.0,0.16793,0.04291399999999612,0.0
2008-05-15 22:00:00+00:00,1.1492806161189428e-07,2.772588722239781,0.0,0.166927,0.15735299999994368,0.0
2008-05-15 23:00:00+00:00,9.447326849174103e-08,2.772588722239781,0.0,0.16793,0.5578870000000506,0.0
2008-05-16 00:00:00+00:00,1.1451119318197449e-07,2.772588722239781,0.0,0.171944,0.4005339999999933,0.0
2008-05-16 01:00:00+00:00,1.0126814094246202e-07,2.833213344056216,0.0,0.172446,0.41483900000002905,0.0
2008-05-16 02:00:00+00:00,9.99363164022845e-08,2.772588722239781,0.0,0.175958,0.12874299999998584,0.0
2008-05-16 03:00:00+00:00,1.0370090574378971e-07,2.70805020110221,0.0,0.171944,0.11443799999995008,0.0
2008-05-16 04:00:00+00:00,1.1494851434406021e-07,2.5649493574615367,0.0,0.176962,-0.15735299999994368,0.0
2008-05-16 05:00:00+00:00,1.2082764645467372e-07,2.5649493574615367,0.0,0.171944,-0.7152389999999968,0.0
2008-05-16 06:00:00+00:00,1.5176963109110655e-07,2.5649493574615367,0.0,0.171944,-0.4863630000000967,0.0
2008-05-16 07:00:00+00:00,1.1529794425747215e-07,2.4849066497880004,0.4054651081081645,0.172948,-0.4434479999999894,0.0
2008-05-16 08:00:00+00:00,9.706593350937987e-08,2.4849066497880004,0.4054651081081645,0.225131,-0.2860959999999295,0.0
2008-05-16 09:00:00+00:00,1.0030750846544236e-07,2.4849066497880004,0.4054651081081645,0.176962,-0.20026700000005349,0.0
2008-05-16 10:00:00+00:00,9.38227487551172e-08,2.302585092994046,0.0,0.160906,-0.2002669999999398,0.0
2008-05-16 11:00:00+00:00,1.2838859751943638e-07,2.302585092994046,0.0,0.161909,-0.028610000000071523,0.0
2008-05-16 12:00:00+00:00,1.5235912802231726e-07,2.302585092994046,0.0,0.148864,0.07152400000006764,0.0
2008-05-16 13:00:00+00:00,1.3994718449412594e-07,2.3978952727983707,0.0,0.145853,0.17165799999997944,0.0
2008-05-16 14:00:00+00:00,9.174012239418635e-08,2.3978952727983707,0.0,0.165923,0.3862289999999575,0.0
2008-05-16 15:00:00+00:00,1.0521361130317801e-07,2.3978952727983707,0.0,0.136821,0.3433150000000751,0.0
2008-05-16 16:00:00+00:00,1.004844741064446e-07,2.3978952727983707,0.0,0.14485,-0.0,0.0
2008-05-16 17:00:00+00:00,9.892109989196789e-08,2.3978952727983707,0.0,0.135818,0.2860959999999295,0.0
2008-05-16 18:00:00+00:00,9.596322234855779e-08,2.3978952727983707,0.0,0.132306,0.12874299999998584,0.0
2008-05-16 19:00:00+00:00,9.520775842585093e-08,2.3978952727983707,0.0,0.140835,-0.028609999999957836,0.0
2008-05-16 20:00:00+00:00,1.035469696153279e-07,2.3978952727983707,0.0,0.140835,-0.08582799999999224,0.0
2008-05-16 21:00:00+00:00,9.225628822574453e-08,2.3978952727983707,0.0,0.147358,-0.07152400000006764,0.0
2008-05-16 22:00:00+00:00,9.089932085863953e-08,2.3978952727983707,0.0,0.151874,0.20026700000005349,0.0
2008-05-16 23:00:00+00:00,9.586528712140117e-08,2.3978952727983707,0.0,0.152376,0.41483800000003157,0.0
2008-05-17 00:00:00+00:00,1.024521530899093e-07,2.3978952727983707,0.0,0.164418,0.4434489999999869,0.0
2008-05-17 01:00:00+00:00,8.391907204026393e-08,2.302585092994046,0.0,0.159902,0.7724580000000287,0.0
2008-05-17 02:00:00+00:00,1.0239318732696135e-07,2.1972245773362196,0.0,0.164418,0.21457199999997556,0.0
2008-05-17 03:00:00+00:00,9.367680826588104e-08,2.0794415416798357,0.0,0.160404,0.014305000000035761,0.0
2008-05-17 04:00:00+00:00,9.81374174480635e-08,2.0794415416798357,0.0,0.159902,0.028609999999957836,0.0
2008-05-17 05:00:00+00:00,9.240891376958832e-08,1.9459101490553132,0.0,0.164418,0.31470500000000357,0.0
2008-05-17 06:00:00+00:00,1.0713913344858364e-07,1.9459101490553132,0.0,0.163916,-0.35761999999999716,0.0
2008-05-17 07:00:00+00:00,1.0331204485312945e-07,1.9459101490553132,0.0,0.172446,-0.586496000000011,0.0
2008-05-17 08:00:00+00:00,9.70506368836026e-08,1.9459101490553132,0.0,0.172948,-0.658019999999965,0.0
2008-05-17 09:00:00+00:00,1.0035485602502639e-07,1.9459101490553132,0.0,0.180976,0.5006669999999076,0.0
2008-05-17 10:00:00+00:00,1.1407787525180989e-07,1.6094379124341003,0.0,0.190008,0.5292770000000928,0.0
2008-05-17 11:00:00+00:00,1.474397611605547e-07,1.3862943611198906,0.0,0.18198,-0.0,0.0
2008-05-17 12:00:00+00:00,1.297333184729537e-07,1.3862943611198906,0.6931471805599453,0.202552,0.31470600000000104,0.0
2008-05-17 13:00:00+00:00,1.481405332691115e-07,1.3862943611198906,0.6931471805599453,0.161909,0.22887599999990016,0.2
2008-05-17 14:00:00+00:00,1.7120163850889677e-07,1.3862943611198906,0.6931471805599453,0.145853,0.40053400000010697,0.0
2008-05-17 15:00:00+00:00,1.6114831932884553e-07,1.3862943611198906,0.6931471805599453,0.140334,0.4434489999999869,0.0
2008-05-17 16:00:00+00:00,2.4106141095681376e-07,1.3862943611198906,0.6931471805599453,0.148864,0.6294100000000071,0.0
2008-05-17 17:00:00+00:00,3.867715056861049e-07,1.3862943611198906,0.6931471805599453,0.153379,0.7724589999999125,0.0
2008-05-17 18:00:00+00:00,3.1829226670182227e-07,1.6094379124341003,0.0,0.160906,0.21457200000008925,0.0
2008-05-17 19:00:00+00:00,1.9613746186170224e-07,1.6094379124341003,0.0,0.153379,-0.0429149999999936,0.0
2008-05-17 20:00:00+00:00,2.119097568515954e-07,1.6094379124341003,0.6931471805599453,0.16793,-0.41483900000002905,0.0
2008-05-17 21:00:00+00:00,1.8060927560229674e-07,1.6094379124341003,0.6931471805599453,0.156892,0.1430480000000216,0.0
2008-05-17 22:00:00+00:00,1.9780531702819971e-07,1.6094379124341003,0.6931471805599453,0.181478,0.05721999999991567,0.0
2008-05-17 23:00:00+00:00,1.6874476880252793e-07,1.6094379124341003,0.6931471805599453,0.172446,0.5578860000000532,0.0
2008-05-18 00:00:00+00:00,1.806935715851058e-07,1.6094379124341003,0.6931471805599453,0.16793,0.658019999999965,0.0
2008-05-18 01:00:00+00:00,1.697615691716784e-07,1.3862943611198906,0.6931471805599453,0.188001,0.7152399999999943,0.0
2008-05-18 02:00:00+00:00,1.6001246141587618e-07,1.6094379124341003,0.6931471805599453,0.183987,0.028609000000074047,0.0
2008-05-18 03:00:00+00:00,1.7570371416769653e-07,1.6094379124341003,0.6931471805599453,0.171944,0.3004009999999653,0.0
2008-05-18 04:00:00+00:00,1.7437887631559746e-07,1.6094379124341003,0.6931471805599453,0.171944,0.2860959999999295,0.0
2008-05-18 05:00:00+00:00,1.5435587816138608e-07,1.6094379124341003,0.6931471805599453,0.172446,0.12874300000009953,0.0
2008-05-18 06:00:00+00:00,1.642589336430609e-07,1.6094379124341003,0.6931471805599453,0.16793,-0.05721900000003188,0.0
2008-05-18 07:00:00+00:00,1.4913304980628157e-07,1.6094379124341003,0.34657359027997264,0.179973,-0.4005339999999933,0.0
2008-05-18 08:00:00+00:00,1.486837594251668e-07,1.791759469228055,0.0,0.209576,0.08582799999999224,0.0
2008-05-18 09:00:00+00:00,1.5100319499253818e-07,1.791759469228055,0.0,0.168432,0.2431819999999334,0.0
2008-05-18 10:00:00+00:00,1.5210880879622523e-07,1.6094379124341003,0.0,0.16492,-0.14304799999990792,0.0
2008-05-18 11:00:00+00:00,1.3822690713392654e-07,1.6094379124341003,0.0,0.235166,0.3003999999999678,0.0
2008-05-18 12:00:00+00:00,2.189829364156262e-07,1.6094379124341003,0.0,0.161909,0.21457199999997556,0.0
2008-05-18 13:00:00+00:00,2.6214394762293907e-07,1.3862943611198906,0.0,0.140835,0.5578870000000506,0.0
2008-05-18 14:00:00+00:00,1.4677414983823415e-07,1.3862943611198906,0.0,0.144348,0.45775300000002517,0.0
2008-05-18 15:00:00+00:00,1.4167898667692076e-07,1.3862943611198906,0.0,0.145351,0.07152399999995396,0.0
2008-05-18 16:00:00+00:00,1.4555993027898713e-07,1.3862943611198906,0.0,0.140835,0.22887700000001132,0.0
2008-05-18 17:00:00+00:00,1.846505518704079e-07,1.3862943611198906,0.4054651081081645,0.14485,0.3862289999999575,0.0
2008-05-18 18:00:00+00:00,1.578701014209225e-07,1.3862943611198906,0.4054651081081645,0.131804,0.4434479999999894,0.0
2008-05-18 19:00:00+00:00,1.6660422011741714e-07,1.3862943611198906,0.4054651081081645,0.13632,-0.21457199999997556,0.0
2008-05-18 20:00:00+00:00,1.625303293786463e-07,1.3862943611198906,0.4054651081081645,0.140334,-0.11443799999995008,0.0
2008-05-18 21:00:00+00:00,1.5789187436046171e-07,1.6094379124341003,0.0,0.140334,-0.0,0.0
2008-05-18 22:00:00+00:00,1.5766615585922782e-07,1.6094379124341003,0.0,0.148864,0.07152399999995396,0.0
2008-05-18 23:00:00+00:00,2.6336026649765823e-07,1.791759469228055,0.0,0.14786,0.6437150000000429,0.0
2008-05-19 00:00:00+00:00,1.5159661958842963e-07,1.791759469228055,0.0,0.148362,0.7581539999999904,0.0
2008-05-19 01:00:00+00:00,1.4742182859052947e-07,1.791759469228055,0.0,0.15639,0.7009349999999586,0.0
2008-05-19 02:00:00+00:00,1.558339814056996e-07,1.791759469228055,0.0,0.163916,0.9012010000000146,0.0
2008-05-19 03:00:00+00:00,3.7425423098765614e-07,1.791759469228055,0.0,0.152878,0.10013400000002548,0.0
2008-05-19 04:00:00+00:00,1.0791165558348609e-06,1.791759469228055,0.0,0.175958,0.41483899999991536,0.0
2008-05-19 05:00:00+00:00,1.7209125486987464e-07,1.791759469228055,0.0,0.17646,0.07152400000006764,0.0
2008-05-19 06:00:00+00:00,1.6824199304170833e-07,1.791759469228055,0.0,0.168432,0.47205799999994724,0.0
