station,channel,location,metadata_start_date,metadata_end_date,actual_data_start_date,actual_data_end_date,actual_data_ranges,missing_dates,lat,lon,distance_km,ok_days,n_days,ok_fraction,mean_probe_coverage,min_probe_coverage,n_error_days,sample_rates,channel_rank
ESLN,HHZ,,2005-07-10,open/unknown,2008-04-12,2008-05-13,2008-04-12 to 2008-05-13,,37.6934,14.9744,6.44527795642232,32,32,1.0,1.0,1.0,0,100.0,1
ESLN,BHZ,,2005-07-10,open/unknown,2008-04-12,2008-05-13,2008-04-12 to 2008-05-13,,37.6934,14.9744,6.44527795642232,32,32,1.0,0.9999895833333333,0.9999166666666668,0,20.0,2
ESLN,LHZ,,2005-07-10,open/unknown,2008-04-12,2008-05-13,2008-04-12 to 2008-05-13,,37.6934,14.9744,6.44527795642232,32,32,1.0,1.0,1.0,0,1.0,5
ESLN,VHZ,,2005-07-10,open/unknown,2008-04-12,2008-05-13,2008-04-12 to 2008-05-13,,37.6934,14.9744,6.44527795642232,32,32,1.0,1.0,1.0,0,0.1,6
ECTS,HHZ,,2007-07-18,2019-12-23,2008-04-12,2008-05-13,2008-04-12 to 2008-05-13,,37.8825,15.1212,18.409269603087928,32,32,1.0,0.9942729166666666,0.8167333333333333,0,100.0,1
GIO,SHZ,,2007-12-04,2013-03-13,2008-04-12,2008-05-13,2008-04-12 to 2008-05-13,,37.56667,15.10833,22.342208604897923,32,32,1.0,0.9974958333333332,0.9599666666666667,0,50.0,4
MNO,SHZ,,2007-12-17,2019-11-27,2008-04-12,2008-05-13,2008-04-12 to 2008-05-13,,37.931,14.695,33.566606903670404,32,32,1.0,1.0330416666666666,0.9498666666666666,0,50.0,4
MALI,EHZ,01,2007-10-20,2009-04-23,2008-04-12,2008-05-13,2008-04-12 to 2008-05-13,,38.053,15.4,48.86838726074389,32,32,1.0,1.0,1.0,0,125.0,3
HAGA,HHZ,,2005-02-17,2022-05-16,2008-04-12,2008-05-13,2008-04-12 to 2008-05-13,,37.2858,15.1552,53.208633119412184,32,32,1.0,1.0,1.0,0,100.0,1
AGST,EHZ,,2004-05-24,2012-08-13,2008-04-12,2008-05-13,2008-04-12 to 2008-05-13,,37.25652,15.22713,58.23754879809733,32,32,1.0,1.0,1.0,0,50.0,3
ME01,EHZ,,2007-10-18,2009-02-03,2008-04-12,2008-05-13,2008-04-12 to 2008-05-13,,37.932919,14.361088,59.671471883021134,32,32,1.0,1.0,1.0,0,125.0,3
ATN,SHZ,,2003-03-01,2009-04-12,2008-04-12,2008-05-13,2008-04-12 to 2008-05-13,,38.15948,15.46472,61.32550442997968,32,32,1.0,0.9968697916666667,0.9583,0,50.0,4
MILZ,HHZ,,2008-02-26,open/unknown,2008-04-12,2008-05-13,2008-04-12 to 2008-05-13,,38.2713,15.2313,61.64477547271431,32,32,1.0,1.0,1.0,0,100.0,1
MILZ,BHZ,,2008-02-26,open/unknown,2008-04-12,2008-05-13,2008-04-12 to 2008-05-13,,38.2713,15.2313,61.64477547271431,32,32,1.0,1.0,1.0,0,20.0,2
MILZ,LHZ,,2008-02-26,open/unknown,2008-04-12,2008-05-13,2008-04-12 to 2008-05-13,,38.2713,15.2313,61.64477547271431,32,32,1.0,1.0,1.0,0,1.0,5
SSY,HHZ,,2005-06-01,2023-03-13,2008-04-12,2008-05-13,2008-04-12 to 2008-05-13,,37.1577,15.0737,65.9687366486017,32,32,1.0,1.0,1.0,0,100.0,1
SSY,BHZ,,2005-06-01,2023-03-13,2008-04-12,2008-05-13,2008-04-12 to 2008-05-13,,37.1577,15.0737,65.9687366486017,32,32,1.0,0.9999947916666667,0.9999166666666668,0,20.0,2
SSY,LHZ,,2005-06-01,2023-03-13,2008-04-12,2008-05-13,2008-04-12 to 2008-05-13,,37.1577,15.0737,65.9687366486017,32,32,1.0,0.9999479166666667,0.9983333333333333,0,1.0,5
SSY,VHZ,,2005-06-01,2023-03-13,2008-04-12,2008-05-13,2008-04-12 to 2008-05-13,,37.1577,15.0737,65.9687366486017,32,32,1.0,0.9994791666666667,0.9833333333333333,0,0.1,6
MTTG,HHZ,,2007-01-24,2025-11-07,2008-04-12,2008-05-13,2008-04-12 to 2008-05-13,,38.0031,15.69992,67.74492694370812,32,32,1.0,1.0,1.0,0,100.0,1
MTTG,BHZ,,2007-01-24,2025-11-07,2008-04-12,2008-05-13,2008-04-12 to 2008-05-13,,38.0031,15.69992,67.74492694370812,32,32,1.0,0.9999869791666667,0.9999166666666668,0,20.0,2
MTTG,LHZ,,2007-01-24,2025-11-07,2008-04-12,2008-05-13,2008-04-12 to 2008-05-13,,38.0031,15.69992,67.74492694370812,32,32,1.0,1.0,1.0,0,1.0,5
MTTG,VHZ,,2007-01-24,2025-11-07,2008-04-12,2008-05-13,2008-04-12 to 2008-05-13,,38.0031,15.69992,67.74492694370812,32,32,1.0,1.0,1.0,0,0.1,6
HVZN,HHZ,,2005-07-10,2013-01-24,2008-04-12,2008-05-13,2008-04-12 to 2008-05-13,,37.1783,14.7155,68.11030829037195,32,32,1.0,1.0,1.0,0,100.0,1
HVZN,BHZ,,2005-07-10,2023-03-08,2008-04-12,2008-05-13,2008-04-12 to 2008-05-13,,37.1783,14.7155,68.11030829037195,32,32,1.0,0.9999973958333334,0.9999166666666668,0,20.0,2
HVZN,LHZ,,2005-07-10,2023-03-08,2008-04-12,2008-05-13,2008-04-12 to 2008-05-13,,37.1783,14.7155,68.11030829037195,32,32,1.0,1.0,1.0,0,1.0,5
HVZN,VHZ,,2005-07-10,2023-03-08,2008-04-12,2008-05-13,2008-04-12 to 2008-05-13,,37.1783,14.7155,68.11030829037195,32,32,1.0,1.0,1.0,0,0.1,6
MEU,SHZ,,2007-12-12,2019-12-11,2008-04-12,2008-05-13,2008-04-12 to 2008-05-13,,37.11112,14.83,72.37295776040692,32,32,1.0,0.9961947916666667,0.9583,0,50.0,4
MSRU,HHZ,,2004-07-12,2023-03-14,2008-04-12,2008-05-13,2008-04-12 to 2008-05-13,,38.2639,15.5083,72.67692836590916,32,32,1.0,1.0,1.0,0,100.0,1
MSRU,BHZ,,2004-07-12,2023-03-14,2008-04-12,2008-05-13,2008-04-12 to 2008-05-13,,38.2639,15.5083,72.67692836590916,32,32,1.0,0.9999947916666667,0.9999166666666668,0,20.0,2
MSRU,LHZ,,2004-07-12,2023-03-14,2008-04-12,2008-05-13,2008-04-12 to 2008-05-13,,38.2639,15.5083,72.67692836590916,32,32,1.0,1.0,1.0,0,1.0,5
MSRU,VHZ,,2004-07-12,2023-03-14,2008-04-12,2008-05-13,2008-04-12 to 2008-05-13,,38.2639,15.5083,72.67692836590916,32,32,1.0,1.0,1.0,0,0.1,6
MRCB,HHZ,01,2007-11-08,2009-06-10,2008-04-12,2008-05-13,2008-04-12 to 2008-05-13,,38.162,15.703,77.0001018812608,32,32,1.0,1.0,1.0,0,100.0,1
MMME,HHZ,,2004-07-12,2012-05-16,2008-04-12,2008-05-12,2008-04-12 to 2008-05-12,2008-05-13,37.9352,15.2539,30.56631165703795,31,32,0.96875,0.96875,0.0,1,100.0,1
MMME,BHZ,,2004-07-12,2012-05-16,2008-04-12,2008-05-12,2008-04-12 to 2008-05-12,2008-05-13,37.9352,15.2539,30.56631165703795,31,32,0.96875,0.9687447916666667,0.0,1,20.0,2
MMME,LHZ,,2004-07-12,2012-05-16,2008-04-12,2008-05-12,2008-04-12 to 2008-05-12,2008-05-13,37.9352,15.2539,30.56631165703795,31,32,0.96875,0.96875,0.0,1,1.0,5
MMME,VHZ,,2004-07-12,2012-05-16,2008-04-12,2008-05-12,2008-04-12 to 2008-05-12,2008-05-13,37.9352,15.2539,30.56631165703795,31,32,0.96875,0.96875,0.0,1,0.1,6
GALF,HHZ,,2006-10-27,2018-04-18,2008-04-12,2008-05-13,2008-04-12 to 2008-05-06; 2008-05-08 to 2008-05-13,2008-05-07,37.7107,14.5665,38.261725284918505,31,32,0.96875,0.9646984375000001,0.0,1,100.0,1
GALF,BHZ,,2006-10-27,2018-04-18,2008-04-12,2008-05-13,2008-04-12 to 2008-05-06; 2008-05-08 to 2008-05-13,2008-05-07,37.7107,14.5665,38.261725284918505,31,32,0.96875,0.9646744791666667,0.0,1,20.0,2
GALF,LHZ,,2006-10-27,2018-04-18,2008-04-12,2008-05-13,2008-04-12 to 2008-05-06; 2008-05-08 to 2008-05-13,2008-05-07,37.7107,14.5665,38.261725284918505,31,32,0.96875,0.9643229166666667,0.0,1,1.0,5
GALF,VHZ,,2006-10-27,2018-04-18,2008-04-12,2008-05-13,2008-04-12 to 2008-05-06; 2008-05-08 to 2008-05-13,2008-05-07,37.7107,14.5665,38.261725284918505,31,32,0.96875,0.9625,0.0,1,0.1,6
ME02,EHZ,,2007-10-19,2009-02-03,2008-04-12,2008-05-12,2008-04-12 to 2008-05-12,2008-05-13,38.033211,14.590067,47.890705124183675,31,32,0.96875,0.96875,0.0,1,125.0,3
MTTG,SHZ,,2003-03-01,2009-02-27,2008-04-12,2008-05-13,2008-04-12; 2008-04-14 to 2008-05-13,2008-04-13,38.0031,15.69992,67.74492694370812,31,32,0.96875,0.9764718750000001,0.5682,0,50.0,4
ME07,EHZ,,2007-11-22,2008-05-10,2008-04-12,2008-05-10,2008-04-12 to 2008-05-10,"2008-05-11, 2008-05-12, 2008-05-13",38.08128,14.811569,40.54282537176917,29,32,0.90625,0.90625,0.0,3,125.0,3
IVPL,HHZ,,2005-05-11,open/unknown,2008-04-12,2008-05-13,2008-04-12 to 2008-04-24; 2008-04-27 to 2008-04-28; 2008-05-06 to 2008-05-13,"2008-04-25, 2008-04-26, 2008-04-29, 2008-04-30, 2008-05-01, 2008-05-02, 2008-05-03, 2008-05-04, 2008-05-05",38.3763,14.9801,69.88336381804221,23,32,0.71875,0.7427072916666666,0.0,7,100.0,1
IVPL,BHZ,,2005-05-11,open/unknown,2008-04-12,2008-05-13,2008-04-12 to 2008-04-24; 2008-04-27 to 2008-04-28; 2008-05-06 to 2008-05-13,"2008-04-25, 2008-04-26, 2008-04-29, 2008-04-30, 2008-05-01, 2008-05-02, 2008-05-03, 2008-05-04, 2008-05-05",38.3763,14.9801,69.88336381804221,23,32,0.71875,0.74221875,0.0,7,20.0,2
IVPL,LHZ,,2005-05-11,open/unknown,2008-04-12,2008-05-13,2008-04-12 to 2008-04-24; 2008-04-27 to 2008-04-28; 2008-05-06 to 2008-05-13,"2008-04-25, 2008-04-26, 2008-04-29, 2008-04-30, 2008-05-01, 2008-05-02, 2008-05-03, 2008-05-04, 2008-05-05",38.3763,14.9801,69.88336381804221,23,32,0.71875,0.7309895833333333,0.0,7,1.0,5
IVPL,VHZ,,2005-05-11,open/unknown,2008-04-12,2008-05-13,2008-04-12 to 2008-04-24; 2008-04-27 to 2008-04-28; 2008-05-06 to 2008-05-13,"2008-04-25, 2008-04-26, 2008-04-29, 2008-04-30, 2008-05-01, 2008-05-02, 2008-05-03, 2008-05-04, 2008-05-05",38.3763,14.9801,69.88336381804221,23,32,0.71875,0.7276041666666666,0.0,7,0.1,6
ECNV,HHZ,,2007-01-30,2017-09-09,2008-04-12,2008-05-04,2008-04-12 to 2008-04-16; 2008-04-18 to 2008-05-04,"2008-04-17, 2008-05-05, 2008-05-06, 2008-05-07, 2008-05-08, 2008-05-09, 2008-05-10, 2008-05-11, 2008-05-12, 2008-05-13",37.5956,14.7125,30.381062858204213,22,32,0.6875,0.7384999999999999,0.0,4,100.0,1
ECNV,BHZ,,2007-01-30,2017-09-09,2008-04-12,2008-05-04,2008-04-12 to 2008-04-16; 2008-04-18 to 2008-05-04,"2008-04-17, 2008-05-05, 2008-05-06, 2008-05-07, 2008-05-08, 2008-05-09, 2008-05-10, 2008-05-11, 2008-05-12, 2008-05-13",37.5956,14.7125,30.381062858204213,22,32,0.6875,0.7376067708333334,0.0,4,20.0,2
ILOS,HHZ,,2005-05-11,2023-10-20,2008-04-12,2008-05-13,2008-04-12 to 2008-04-23; 2008-04-27 to 2008-04-28; 2008-05-06 to 2008-05-13,"2008-04-24, 2008-04-25, 2008-04-26, 2008-04-29, 2008-04-30, 2008-05-01, 2008-05-02, 2008-05-03, 2008-05-04, 2008-05-05",38.4457,14.9483,77.70745017202847,22,32,0.6875,0.7373401041666666,0.0,7,100.0,1
ILOS,BHZ,,2005-05-11,2023-10-20,2008-04-12,2008-05-13,2008-04-12 to 2008-04-23; 2008-04-27 to 2008-04-28; 2008-05-06 to 2008-05-13,"2008-04-24, 2008-04-25, 2008-04-26, 2008-04-29, 2008-04-30, 2008-05-01, 2008-05-02, 2008-05-03, 2008-05-04, 2008-05-05",38.4457,14.9483,77.70745017202847,22,32,0.6875,0.7368229166666667,0.0,7,20.0,2
ILOS,LHZ,,2005-05-11,2023-10-20,2008-04-12,2008-05-13,2008-04-12 to 2008-04-23; 2008-04-27 to 2008-04-28; 2008-05-06 to 2008-05-13,"2008-04-24, 2008-04-25, 2008-04-26, 2008-04-29, 2008-04-30, 2008-05-01, 2008-05-02, 2008-05-03, 2008-05-04, 2008-05-05",38.4457,14.9483,77.70745017202847,22,32,0.6875,0.7249479166666667,0.0,7,1.0,5
ILOS,VHZ,,2005-05-11,2023-10-20,2008-04-12,2008-05-13,2008-04-12 to 2008-04-23; 2008-04-27 to 2008-04-28; 2008-05-06 to 2008-05-13,"2008-04-24, 2008-04-25, 2008-04-26, 2008-04-29, 2008-04-30, 2008-05-01, 2008-05-02, 2008-05-03, 2008-05-04, 2008-05-05",38.4457,14.9483,77.70745017202847,22,32,0.6875,0.7145833333333333,0.0,7,0.1,6
ECNV,LHZ,,2007-01-30,2017-09-09,2008-04-12,2008-05-03,2008-04-12 to 2008-04-16; 2008-04-18 to 2008-05-03,"2008-04-17, 2008-05-04, 2008-05-05, 2008-05-06, 2008-05-07, 2008-05-08, 2008-05-09, 2008-05-10, 2008-05-11, 2008-05-12, 2008-05-13",37.5956,14.7125,30.381062858204213,21,32,0.65625,0.7193229166666667,0.0,4,1.0,5
ECNV,VHZ,,2007-01-30,2017-09-09,2008-04-12,2008-05-02,2008-04-12 to 2008-05-02,"2008-05-03, 2008-05-04, 2008-05-05, 2008-05-06, 2008-05-07, 2008-05-08, 2008-05-09, 2008-05-10, 2008-05-11, 2008-05-12, 2008-05-13",37.5956,14.7125,30.381062858204213,21,32,0.65625,0.6859375,0.0,4,0.1,6
ATN,EHZ,01,2007-11-15,2008-04-14,2008-04-12,2008-04-14,2008-04-12 to 2008-04-14,"2008-04-15, 2008-04-16, 2008-04-17, 2008-04-18, 2008-04-19, 2008-04-20, 2008-04-21, 2008-04-22, 2008-04-23, 2008-04-24, 2008-04-25, 2008-04-26, 2008-04-27, 2008-04-28, 2008-04-29, 2008-04-30, 2008-05-01, 2008-05-02, 2008-05-03, 2008-05-04, 2008-05-05, 2008-05-06, 2008-05-07, 2008-05-08, 2008-05-09, 2008-05-10, 2008-05-11, 2008-05-12, 2008-05-13",38.15948,15.46472,61.32550442997968,3,32,0.09375,0.09375,0.0,29,125.0,3
ME15,HHZ,,2008-05-12,2010-01-31,none/open,none/open,,"2008-04-12, 2008-04-13, 2008-04-14, 2008-04-15, 2008-04-16, 2008-04-17, 2008-04-18, 2008-04-19, 2008-04-20, 2008-04-21, 2008-04-22, 2008-04-23, 2008-04-24, 2008-04-25, 2008-04-26, 2008-04-27, 2008-04-28, 2008-04-29, 2008-04-30, 2008-05-01, 2008-05-02, 2008-05-03, 2008-05-04, 2008-05-05, 2008-05-06, 2008-05-07, 2008-05-08, 2008-05-09, 2008-05-10, 2008-05-11, 2008-05-12, 2008-05-13",38.170807,14.898788,47.82785121963536,0,32,0.0,0.0,0.0,32,,1
HCRL,HHZ,,2008-03-31,2018-08-25,none/open,none/open,,"2008-04-12, 2008-04-13, 2008-04-14, 2008-04-15, 2008-04-16, 2008-04-17, 2008-04-18, 2008-04-19, 2008-04-20, 2008-04-21, 2008-04-22, 2008-04-23, 2008-04-24, 2008-04-25, 2008-04-26, 2008-04-27, 2008-04-28, 2008-04-29, 2008-04-30, 2008-05-01, 2008-05-02, 2008-05-03, 2008-05-04, 2008-05-05, 2008-05-06, 2008-05-07, 2008-05-08, 2008-05-09, 2008-05-10, 2008-05-11, 2008-05-12, 2008-05-13",37.2831,15.0323,51.77788560591118,0,32,0.0,0.0,0.0,32,,1
MILZ,VHZ,,2008-02-26,open/unknown,none/open,none/open,,"2008-04-12, 2008-04-13, 2008-04-14, 2008-04-15, 2008-04-16, 2008-04-17, 2008-04-18, 2008-04-19, 2008-04-20, 2008-04-21, 2008-04-22, 2008-04-23, 2008-04-24, 2008-04-25, 2008-04-26, 2008-04-27, 2008-04-28, 2008-04-29, 2008-04-30, 2008-05-01, 2008-05-02, 2008-05-03, 2008-05-04, 2008-05-05, 2008-05-06, 2008-05-07, 2008-05-08, 2008-05-09, 2008-05-10, 2008-05-11, 2008-05-12, 2008-05-13",38.2713,15.2313,61.64477547271431,0,32,0.0,0.0,0.0,32,,6
IVUG,HHZ,,2007-04-13,open/unknown,none/open,none/open,,"2008-04-12, 2008-04-13, 2008-04-14, 2008-04-15, 2008-04-16, 2008-04-17, 2008-04-18, 2008-04-19, 2008-04-20, 2008-04-21, 2008-04-22, 2008-04-23, 2008-04-24, 2008-04-25, 2008-04-26, 2008-04-27, 2008-04-28, 2008-04-29, 2008-04-30, 2008-05-01, 2008-05-02, 2008-05-03, 2008-05-04, 2008-05-05, 2008-05-06, 2008-05-07, 2008-05-08, 2008-05-09, 2008-05-10, 2008-05-11, 2008-05-12, 2008-05-13",38.396,14.986,72.06329785409052,0,32,0.0,0.0,0.0,32,,1
IVUG,BHZ,,2007-04-13,open/unknown,none/open,none/open,,"2008-04-12, 2008-04-13, 2008-04-14, 2008-04-15, 2008-04-16, 2008-04-17, 2008-04-18, 2008-04-19, 2008-04-20, 2008-04-21, 2008-04-22, 2008-04-23, 2008-04-24, 2008-04-25, 2008-04-26, 2008-04-27, 2008-04-28, 2008-04-29, 2008-04-30, 2008-05-01, 2008-05-02, 2008-05-03, 2008-05-04, 2008-05-05, 2008-05-06, 2008-05-07, 2008-05-08, 2008-05-09, 2008-05-10, 2008-05-11, 2008-05-12, 2008-05-13",38.396,14.986,72.06329785409052,0,32,0.0,0.0,0.0,32,,2
IVUG,LHZ,,2007-04-13,open/unknown,none/open,none/open,,"2008-04-12, 2008-04-13, 2008-04-14, 2008-04-15, 2008-04-16, 2008-04-17, 2008-04-18, 2008-04-19, 2008-04-20, 2008-04-21, 2008-04-22, 2008-04-23, 2008-04-24, 2008-04-25, 2008-04-26, 2008-04-27, 2008-04-28, 2008-04-29, 2008-04-30, 2008-05-01, 2008-05-02, 2008-05-03, 2008-05-04, 2008-05-05, 2008-05-06, 2008-05-07, 2008-05-08, 2008-05-09, 2008-05-10, 2008-05-11, 2008-05-12, 2008-05-13",38.396,14.986,72.06329785409052,0,32,0.0,0.0,0.0,32,,5
IVUG,VHZ,,2007-04-13,open/unknown,none/open,none/open,,"2008-04-12, 2008-04-13, 2008-04-14, 2008-04-15, 2008-04-16, 2008-04-17, 2008-04-18, 2008-04-19, 2008-04-20, 2008-04-21, 2008-04-22, 2008-04-23, 2008-04-24, 2008-04-25, 2008-04-26, 2008-04-27, 2008-04-28, 2008-04-29, 2008-04-30, 2008-05-01, 2008-05-02, 2008-05-03, 2008-05-04, 2008-05-05, 2008-05-06, 2008-05-07, 2008-05-08, 2008-05-09, 2008-05-10, 2008-05-11, 2008-05-12, 2008-05-13",38.396,14.986,72.06329785409052,0,32,0.0,0.0,0.0,32,,6
