run,backend,lag,f_test_rejected,f_stat,critical_f,p_value,rss_reduced,rss_full,rss_reduction_ratio,gamma_2,hierarchical_f_rejected,hierarchical_f_stat,hierarchical_f_p_value,hierarchical_gamma_2,hierarchical_rss_reduced,hierarchical_rss_full,hierarchical_residual_lag1,hierarchical_effective_n,hierarchical_denominator_df,hierarchical_reason,newey_west_6_lag,newey_west_6_standard_error,newey_west_6_test_statistic,newey_west_6_p_value,newey_west_6_rejected,newey_west_6_reason,newey_west_12_lag,newey_west_12_standard_error,newey_west_12_test_statistic,newey_west_12_p_value,newey_west_12_rejected,newey_west_12_reason,newey_west_24_lag,newey_west_24_standard_error,newey_west_24_test_statistic,newey_west_24_p_value,newey_west_24_rejected,newey_west_24_reason,trigger,cause,trigger_source,reason,experiment_type,split_id,fit_min_I2_length,min_I2_values,n_min_I2_values,split_timestamp,case_pre_days,case_post_days,reference_days,alpha,pcmci_pc_alpha,pcmci_plus_pc_alpha,pcmci_alpha_level,pcmci_fdr_method,conditional_independence_test,newey_west_lags,bh_adjusted_p_value,f_test_rejected_after_bh,hierarchical_f_bh_adjusted_p_value,hierarchical_f_rejected_after_bh,newey_west_6_bh_adjusted_p_value,newey_west_6_rejected_after_bh,newey_west_12_bh_adjusted_p_value,newey_west_12_rejected_after_bh,newey_west_24_bh_adjusted_p_value,newey_west_24_rejected_after_bh,backend_label,trigger_source_label,reference_criterion,cause_label,trigger_label
hmml,hmml,5,True,16.013448203920653,3.9909237717402837,0.00016587947340494964,8.705418214422195,6.963164045912476,0.20013445943623256,0.26020497460637554,True,9.556393737719805,0.0029665156573043497,0.22106465837450937,7.814677690582937,6.785407448534488,-0.03368868479244109,67.0,63.0,,6.0,0.08245394392584769,2.6810683376566775,0.00935650100439599,True,,12.0,0.08836750013771852,2.5016511503662056,0.014971723893508952,True,,24.0,0.0897411242416728,2.463359582828296,0.016507785167427715,True,,hydro_2_5_scaled,spectral_log_ratio_4p5_8_over_8_16_scaled,lagged,,unique_split_backend_max_lag_grid,S1,72,[72],1,2019-12-10 01:00:00+00:00,7,4,14,0.05,0.2,0.01,0.05,fdr_bh,robust_parcorr,"[6, 12, 24]",0.0012717426294379473,True,0.027291944047200017,True,0.03742600401758396,True,0.049192807078672275,True,0.043391892440095704,True,HMML,Lagged,,Past-smoothed spectral contrast (4.5–8 / 8–16 Hz),Hydrothermal RMS (2–5 Hz)
hmml,hmml,5,False,0.18957426674161235,3.9909237717402837,0.6647360855698408,12.507152851311314,12.470214853857714,0.0029533498065251384,0.0308758946653261,False,0.6600614036284802,0.4195977341842686,-0.05965175669667877,11.035411592607636,10.920990570936748,0.256419056581963,67.0,63.0,,6.0,0.044766384993393755,-1.3325122568079077,0.18749164801411977,False,,12.0,0.04243431119392402,-1.405743489603763,0.16471308501741933,False,,24.0,0.03800529885104855,-1.5695642055195418,0.12152591533381765,False,,GNSS_deformation_rate_scaled,hydro_2_5_scaled,lagged,,unique_split_backend_max_lag_grid,S1,72,[72],1,2019-12-10 01:00:00+00:00,7,4,14,0.05,0.2,0.01,0.05,fdr_bh,robust_parcorr,"[6, 12, 24]",0.7458014618588458,False,0.6031717428898861,False,0.319952422992018,False,0.261269031406941,False,0.18633973684518707,False,HMML,Lagged,,Hydrothermal RMS (2–5 Hz),Lagged GNSS deformation change
hmml,hmml,5,False,3.8263569111418656,3.9909237717402837,0.05481979401786642,7.13448511836104,6.732000189444046,0.056414011977006365,-0.07870705592366933,False,1.5406809499412653,0.21911836229790946,-0.06735432187175258,6.885817212249034,6.721442631015251,0.0353885973007474,67.0,63.0,,6.0,0.03774287284114062,-1.7845573694203476,0.07914803991401252,False,,12.0,0.027307739776750866,-2.4664920063833473,0.01637700130969403,True,,24.0,0.02122996548296487,-3.1726062826526187,0.002335744352611279,True,,spectral_log_ratio_4p5_8_over_8_16_scaled,hydro_2_5_scaled,lagged,,unique_split_backend_max_lag_grid,S1,72,[72],1,2019-12-10 01:00:00+00:00,7,4,14,0.05,0.2,0.01,0.05,fdr_bh,robust_parcorr,"[6, 12, 24]",0.14009502915676975,False,0.3733127653964384,False,0.18670819672023467,False,0.05022280401639502,False,0.008953686685009904,True,HMML,Lagged,,Hydrothermal RMS (2–5 Hz),Past-smoothed spectral contrast (4.5–8 / 8–16 Hz)
hmml,hmml,6,True,11.772668208291256,3.993364923882093,0.001066202070557243,7.795233407476824,6.567903973989573,0.15744614296090922,-0.14327355093207067,False,2.5915984080353307,0.11251216498539024,-0.08985618486647262,6.62468531328385,6.35888412033016,0.23302182848396524,66.0,62.0,,6.0,0.04871005657187477,-1.8447152639595918,0.06985693456441312,False,,12.0,0.04056634538425432,-2.2150426422526586,0.030440099187946393,True,,24.0,0.028880724299853458,-3.1112857120044097,0.0028152212204731095,True,,spectral_log_ratio_4p5_8_over_8_16_scaled,hydro_2_5_scaled,lagged,,unique_split_backend_max_lag_grid,S1,72,[72],1,2019-12-10 01:00:00+00:00,7,4,14,0.05,0.2,0.01,0.05,fdr_bh,robust_parcorr,"[6, 12, 24]",0.006896120839817957,True,0.23525270860581593,False,0.1836239422836002,False,0.08751528516534587,False,0.010360014091341043,True,HMML,Lagged,,Hydrothermal RMS (2–5 Hz),Past-smoothed spectral contrast (4.5–8 / 8–16 Hz)
hmml,hmml,6,False,0.07143172070269821,3.993364923882093,0.7901364857480844,9.204169421432418,9.193745214442421,0.0011325527065727179,0.015673959123607282,False,0.510737036533818,0.4775022857330027,-0.04676371481893016,8.718398014197616,8.647165311206269,0.32392389238123703,66.0,62.0,,6.0,0.03511290387162975,-1.3318099519736373,0.18779816132140187,False,,12.0,0.029378306838316912,-1.5917770576872787,0.11652106705195778,False,,24.0,0.020314512550742146,-2.3019855732261587,0.024707820760418223,True,,GNSS_deformation_rate_scaled,hydro_2_5_scaled,lagged,,unique_split_backend_max_lag_grid,S1,72,[72],1,2019-12-10 01:00:00+00:00,7,4,14,0.05,0.2,0.01,0.05,fdr_bh,robust_parcorr,"[6, 12, 24]",0.8260517805548154,False,0.6366697143106702,False,0.319952422992018,False,0.21019486605451207,False,0.061064753077659434,False,HMML,Lagged,,Hydrothermal RMS (2–5 Hz),Lagged GNSS deformation change
hmml,hmml,6,False,2.6578227226987368,3.993364923882093,0.10803175535307007,8.3044162969687,7.968254276701119,0.04047990951396403,0.13652587546846837,False,3.2130208214418197,0.07793334091288669,0.157934655626872,8.294884423444643,7.886198611496822,0.1311345845413302,66.0,62.0,,6.0,0.08042686195141997,1.9637053068447314,0.05405249676951751,False,,12.0,0.08414187494942137,1.8770042350709242,0.0652246346547754,False,,24.0,0.07197487247286892,2.194302680930846,0.03196943450256847,True,,hydro_2_5_scaled,spectral_log_ratio_4p5_8_over_8_16_scaled,lagged,,unique_split_backend_max_lag_grid,S1,72,[72],1,2019-12-10 01:00:00+00:00,7,4,14,0.05,0.2,0.01,0.05,fdr_bh,robust_parcorr,"[6, 12, 24]",0.21192568473272164,False,0.18868072010488354,False,0.15540092821236284,False,0.1471500739645334,False,0.07541507626246921,False,HMML,Lagged,,Past-smoothed spectral contrast (4.5–8 / 8–16 Hz),Hydrothermal RMS (2–5 Hz)
hmml,hmml,7,True,4.238331112090489,3.9958871259107287,0.04372887927464818,6.383633192711736,5.975169532553107,0.06398607937325985,-0.08018060220394561,False,1.747438464522727,0.19113503100328166,-0.0692942877354935,6.136473106440601,5.965579928884574,0.32364609456153204,65.0,61.0,,6.0,0.041068467228100064,-1.6872869238246277,0.09665590044129393,False,,12.0,0.03655989345735653,-1.8953635030779936,0.06278512000067256,False,,24.0,0.025760416518103565,-2.689952147582543,0.009205226724486279,True,,spectral_log_ratio_4p5_8_over_8_16_scaled,hydro_2_5_scaled,lagged,,unique_split_backend_max_lag_grid,S1,72,[72],1,2019-12-10 01:00:00+00:00,7,4,14,0.05,0.2,0.01,0.05,fdr_bh,robust_parcorr,"[6, 12, 24]",0.11832520274316567,False,0.3437953722876535,False,0.20827273780842326,False,0.1471500739645334,False,0.025663056322810233,True,HMML,Lagged,,Hydrothermal RMS (2–5 Hz),Past-smoothed spectral contrast (4.5–8 / 8–16 Hz)
hmml,hmml,7,False,0.3908883186752551,3.9958871259107287,0.5341273225471963,7.646781449225367,7.598873210947084,0.006265150716859593,0.03466441845156366,False,0.0029824542357721547,0.9566261701656975,-0.0034513926669373744,7.412680320333695,7.412317912154121,0.35956558425926577,65.0,61.0,,6.0,0.03449670521761614,-0.100049922019071,0.9206327905249716,False,,12.0,0.02524236802063953,-0.13673014608278147,0.8916943761267528,False,,24.0,0.01970048244162024,-0.17519330692358007,0.8615079782990214,False,,GNSS_deformation_rate_scaled,hydro_2_5_scaled,lagged,,unique_split_backend_max_lag_grid,S1,72,[72],1,2019-12-10 01:00:00+00:00,7,4,14,0.05,0.2,0.01,0.05,fdr_bh,robust_parcorr,"[6, 12, 24]",0.6471351507988817,False,0.9566261701656975,False,0.9307496343768943,False,0.9014932154248491,False,0.8709750989396701,False,HMML,Lagged,,Hydrothermal RMS (2–5 Hz),Lagged GNSS deformation change
hmml,hmml,7,False,2.6554494979099235,3.9958871259107287,0.10826638241780345,6.921823830968045,6.637539153353064,0.04107077622274924,0.11928043753697204,False,2.2212721405053566,0.14127387738251404,0.11425373211241441,6.872713011293167,6.631241028449385,0.15591204695273728,65.0,61.0,,6.0,0.06642031310402804,1.720162504104268,0.09047283356626915,False,,12.0,0.05999479935980184,1.9043939363345472,0.06157758028575919,False,,24.0,0.053269051546394774,2.1448426205393374,0.03595676547507826,True,,hydro_2_5_scaled,spectral_log_ratio_4p5_8_over_8_16_scaled,lagged,,unique_split_backend_max_lag_grid,S1,72,[72],1,2019-12-10 01:00:00+00:00,7,4,14,0.05,0.2,0.01,0.05,fdr_bh,robust_parcorr,"[6, 12, 24]",0.21192568473272164,False,0.2765361004083254,False,0.20808751720241903,False,0.1471500739645334,False,0.0806834737489561,False,HMML,Lagged,,Past-smoothed spectral contrast (4.5–8 / 8–16 Hz),Hydrothermal RMS (2–5 Hz)
hmml,hmml,8,True,8.507133044887198,3.9984944816680152,0.0049446047674554915,7.052186139099608,6.1890533480537435,0.12239223044048375,-0.11851207130834845,False,2.6131962051790567,0.11122426906367233,-0.08880460420039858,6.389368913971387,6.122705085714397,0.3698159987018514,64.0,60.0,,6.0,0.0488974671062289,-1.8161391469924633,0.07434578270677263,False,,12.0,0.04734725241326596,-1.875602060818146,0.06557775035375944,False,,24.0,0.033331177844273446,-2.6643104127703636,0.009893797370086119,True,,spectral_log_ratio_4p5_8_over_8_16_scaled,hydro_2_5_scaled,lagged,,unique_split_backend_max_lag_grid,S1,72,[72],1,2019-12-10 01:00:00+00:00,7,4,14,0.05,0.2,0.01,0.05,fdr_bh,robust_parcorr,"[6, 12, 24]",0.023942296768731854,True,0.23525270860581593,False,0.18485978402765085,False,0.1471500739645334,False,0.026771451707291852,True,HMML,Lagged,,Hydrothermal RMS (2–5 Hz),Past-smoothed spectral contrast (4.5–8 / 8–16 Hz)
hmml,hmml,8,False,0.11176491668529032,3.9984944816680152,0.7392903999754593,7.374460429273831,7.360973567020705,0.0018288608885320416,0.017983260057126367,False,0.07589327551388679,0.7838883974614475,-0.017166594867525146,7.2216549431232195,7.212531898614316,0.3456649975027851,64.0,60.0,,6.0,0.03709240854442626,-0.46280615201799036,0.6451775045711852,False,,12.0,0.025738995988124614,-0.6669488924682774,0.5073616265796972,False,,24.0,0.021397373332536142,-0.8022758027697814,0.42555976741532775,False,,GNSS_deformation_rate_scaled,hydro_2_5_scaled,lagged,,unique_split_backend_max_lag_grid,S1,72,[72],1,2019-12-10 01:00:00+00:00,7,4,14,0.05,0.2,0.01,0.05,fdr_bh,robust_parcorr,"[6, 12, 24]",0.7972650836293617,False,0.8903423773636194,False,0.760978595135244,False,0.657426333032847,False,0.5514295577776078,False,HMML,Lagged,,Hydrothermal RMS (2–5 Hz),Lagged GNSS deformation change
hmml,hmml,8,False,0.20575072913195733,3.9984944816680152,0.6517281533768687,6.489754483655938,6.467938368323755,0.003361624139576588,0.034975111623141375,False,0.2902207959115431,0.5920723116478918,0.04273773875254054,6.475261357909957,6.444091203277594,0.20584794385509556,64.0,60.0,,6.0,0.08054913232512646,0.5305797532372543,0.5976684433431054,False,,12.0,0.07034939749244558,0.6075068199003396,0.545807084775582,False,,24.0,0.05642791226143289,0.7573864961463539,0.4517826054653987,False,,hydro_2_5_scaled,spectral_log_ratio_4p5_8_over_8_16_scaled,lagged,,unique_split_backend_max_lag_grid,S1,72,[72],1,2019-12-10 01:00:00+00:00,7,4,14,0.05,0.2,0.01,0.05,fdr_bh,robust_parcorr,"[6, 12, 24]",0.7458014618588458,False,0.7074110736572213,False,0.7140973608774767,False,0.6688971840896268,False,0.5693698589426942,False,HMML,Lagged,,Past-smoothed spectral contrast (4.5–8 / 8–16 Hz),Hydrothermal RMS (2–5 Hz)
hmml,hmml,9,True,9.075687296700467,4.001191376754996,0.0037891586442111405,7.5960982474863705,6.598065291649335,0.13138757863845366,-0.1289239509100651,False,2.13184426332154,0.14957171752531812,-0.08575619944193913,6.70595341878818,6.472097422813877,0.3495667508555514,63.0,59.0,,6.0,0.062172754850173755,-1.379321209886833,0.17300182598866612,False,,12.0,0.06275818140097579,-1.3664545008725468,0.17698160943287677,False,,24.0,0.0440257109827983,-1.9478663155592364,0.05619366465675706,False,,spectral_log_ratio_4p5_8_over_8_16_scaled,hydro_2_5_scaled,lagged,,unique_split_backend_max_lag_grid,S1,72,[72],1,2019-12-10 01:00:00+00:00,7,4,14,0.05,0.2,0.01,0.05,fdr_bh,robust_parcorr,"[6, 12, 24]",0.019366810848190273,True,0.28667912525685973,False,0.30608015367225544,False,0.2754990087820151,False,0.10550647241676837,False,HMML,Lagged,,Hydrothermal RMS (2–5 Hz),Past-smoothed spectral contrast (4.5–8 / 8–16 Hz)
hmml,hmml,9,False,0.30880883535524045,4.001191376754996,0.5804783670790399,9.403330981124471,9.355181602205905,0.005120459868446371,0.036843982956508724,False,0.589589995401113,0.44564001518842955,-0.05464554080983364,8.372392332423786,8.2895543945029,0.33979779820191536,63.0,59.0,,6.0,0.05977164805224853,-0.9142384824669051,0.3643127864964627,False,,12.0,0.04218559444787733,-1.2953602177480577,0.20024156657695621,False,,24.0,0.03571531645718479,-1.5300309847553006,0.13135343113446205,False,,GNSS_deformation_rate_scaled,hydro_2_5_scaled,lagged,,unique_split_backend_max_lag_grid,S1,72,[72],1,2019-12-10 01:00:00+00:00,7,4,14,0.05,0.2,0.01,0.05,fdr_bh,robust_parcorr,"[6, 12, 24]",0.6846667919393804,False,0.6211951726869017,False,0.5002503933981278,False,0.2971326471787092,False,0.19810681417000833,False,HMML,Lagged,,Hydrothermal RMS (2–5 Hz),Lagged GNSS deformation change
hmml,hmml,9,False,2.2652726797594678,4.001191376754996,0.13754938521043425,5.695486677728703,5.48827919571302,0.03638099669795293,0.10699219692470643,False,1.7929715293450355,0.18570076719588072,0.09490521026340502,5.45400132327914,5.293146065711588,0.23214214924095902,63.0,59.0,,6.0,0.09787503795651885,0.9696569446600555,0.33617592180398626,False,,12.0,0.09497881695771461,0.9992250198868833,0.32176631285849017,False,,24.0,0.08251361894007987,1.150176316134234,0.2547119340322094,False,,hydro_2_5_scaled,spectral_log_ratio_4p5_8_over_8_16_scaled,lagged,,unique_split_backend_max_lag_grid,S1,72,[72],1,2019-12-10 01:00:00+00:00,7,4,14,0.05,0.2,0.01,0.05,fdr_bh,robust_parcorr,"[6, 12, 24]",0.26363632165333234,False,0.34168941164042055,False,0.46860886069646573,False,0.4454023554057096,False,0.3605153527840502,False,HMML,Lagged,,Past-smoothed spectral contrast (4.5–8 / 8–16 Hz),Hydrothermal RMS (2–5 Hz)
hmml,hmml,10,True,32.12337325672185,4.003982503130608,4.569765336967452e-07,10.556668085455467,6.8351663769858035,0.3525261643488623,-0.2664401440333818,False,0.05748936233574352,0.8113543941627208,-0.010230586426336785,2.9422050165897566,2.9392916027972804,0.23427871416714302,62.0,58.0,,6.0,0.042605616418162594,-0.2401229529441928,0.8110816103399507,False,,12.0,0.043947831157664596,-0.2327893358294326,0.8167445389578218,False,,24.0,0.03377616410473302,-0.3028936736159209,0.7630546120291597,False,,spectral_log_ratio_4p5_8_over_8_16_scaled,hydro_2_5_scaled,lagged,,unique_split_backend_max_lag_grid,S1,72,[72],1,2019-12-10 01:00:00+00:00,7,4,14,0.05,0.2,0.01,0.05,fdr_bh,robust_parcorr,"[6, 12, 24]",1.0231815941324796e-05,True,0.8933169857742932,False,0.8965426032118136,False,0.8786922306980922,False,0.8577142074101031,False,HMML,Lagged,,Hydrothermal RMS (2–5 Hz),Past-smoothed spectral contrast (4.5–8 / 8–16 Hz)
hmml,hmml,10,True,5.344128614758607,4.003982503130608,0.024302262621511313,14.733876415389325,13.510148124200088,0.08305541981545811,0.20541712849511456,True,5.325507270307253,0.02460305103312581,0.18849907414670564,12.20960563551599,11.182810172165423,0.6701100170108211,62.0,58.0,,6.0,0.12967029704535288,1.4536796663678273,0.15142500986449137,False,,12.0,0.1310395597583841,1.4384898308134402,0.15566963271793996,False,,24.0,0.11462978740040151,1.644416154138705,0.10550030001982602,False,,hydro_2_5_scaled,spectral_log_ratio_4p5_8_over_8_16_scaled,lagged,,unique_split_backend_max_lag_grid,S1,72,[72],1,2019-12-10 01:00:00+00:00,7,4,14,0.05,0.2,0.01,0.05,fdr_bh,robust_parcorr,"[6, 12, 24]",0.07889442079462315,False,0.08083859625169909,False,0.2786220181506641,False,0.2557429680366156,False,0.16562186161009906,False,HMML,Lagged,,Past-smoothed spectral contrast (4.5–8 / 8–16 Hz),Hydrothermal RMS (2–5 Hz)
hmml,hmml,10,False,0.0012996412542867202,4.003982503130608,0.9713637591490891,4.876671112345484,4.876563692288642,2.202733265519457e-05,-0.0015718313584265902,False,0.44650737818153813,0.5066488134176986,-0.03472956332770047,4.8019525643835985,4.765267613548103,0.32033865483255203,62.0,58.0,,6.0,0.03172424631527461,-1.0947324952201893,0.2781592634775916,False,,12.0,0.02128334917649695,-1.6317715336856888,0.10814607321665451,False,,24.0,0.018039156049814237,-1.9252321578568585,0.05910855853322103,False,,GNSS_deformation_rate_scaled,hydro_2_5_scaled,lagged,,unique_split_backend_max_lag_grid,S1,72,[72],1,2019-12-10 01:00:00+00:00,7,4,14,0.05,0.2,0.01,0.05,fdr_bh,robust_parcorr,"[6, 12, 24]",0.9820380861727055,False,0.6570064370784573,False,0.40620082920537187,False,0.20304977012106562,False,0.1087597477011267,False,HMML,Lagged,,Hydrothermal RMS (2–5 Hz),Lagged GNSS deformation change
hmml,hmml,10,False,0.00034638556268536396,4.003982503130608,0.9852138770422845,5.582344579238745,5.582311805811356,5.870907272675336e-06,0.00047407912472596325,True,5.070482885654649,0.028138819936648622,0.06027263770479206,4.68022099769091,4.3039597200834905,0.4806266680990436,62.0,58.0,,6.0,0.015809731869996086,3.8123757063317596,0.0003356004884321677,True,,12.0,0.012617097864438159,4.777060331336029,1.2515790006188622e-05,True,,24.0,0.010769181923657684,5.59677031477994,6.233494405348711e-07,True,,pressure_drop_scaled,hydro_2_5_scaled,lagged,,unique_split_backend_max_lag_grid,S1,72,[72],1,2019-12-10 01:00:00+00:00,7,4,14,0.05,0.2,0.01,0.05,fdr_bh,robust_parcorr,"[6, 12, 24]",0.9852138770422845,False,0.08806369985772577,False,0.0033412285378715476,True,0.00016449324008133617,True,4.779012377434012e-06,True,HMML,Lagged,,Hydrothermal RMS (2–5 Hz),Pressure drop
hmml,hmml,11,True,23.8186685630978,4.006872886332733,8.646705055673887e-06,21.24422917490349,15.059708423318671,0.2911153283401216,-0.41391301045796614,False,0.44578547222988674,0.5070375764409834,-0.0335905956687814,3.607796301046382,3.579799413815226,0.4425137313992306,61.0,57.0,,6.0,0.061025551424275154,-0.5504349388872463,0.5841719069792952,False,,12.0,0.06223930080206206,-0.5397007234321068,0.5915057001782378,False,,24.0,0.057066676451593586,-0.5886201502776212,0.5584415296139031,False,,spectral_log_ratio_4p5_8_over_8_16_scaled,hydro_2_5_scaled,lagged,,unique_split_backend_max_lag_grid,S1,72,[72],1,2019-12-10 01:00:00+00:00,7,4,14,0.05,0.2,0.01,0.05,fdr_bh,robust_parcorr,"[6, 12, 24]",0.00011364240930314252,True,0.6570064370784573,False,0.7071554663433574,False,0.6976733899538189,False,0.6693235520156081,False,HMML,Lagged,,Hydrothermal RMS (2–5 Hz),Past-smoothed spectral contrast (4.5–8 / 8–16 Hz)
hmml,hmml,11,True,5.419637386842371,4.006872886332733,0.023420646611746407,41.57388736416844,38.02111721979094,0.08545677033414859,0.33138398837205496,True,5.472568321697206,0.022844865538287344,0.3201725025934474,37.8153930992634,34.502782013996374,0.7195431102273913,61.0,57.0,,6.0,0.11395070875215256,2.8097456005283443,0.0067819023275681005,True,,12.0,0.10955371445783582,2.9225161755393776,0.00497088791460699,True,,24.0,0.10394295662981443,3.0802712658416995,0.0031808695180090556,True,,hydro_2_5_scaled,spectral_log_ratio_4p5_8_over_8_16_scaled,lagged,,unique_split_backend_max_lag_grid,S1,72,[72],1,2019-12-10 01:00:00+00:00,7,4,14,0.05,0.2,0.01,0.05,fdr_bh,robust_parcorr,"[6, 12, 24]",0.07889442079462315,False,0.07794362894400741,False,0.03200917914327673,True,0.01988355165842796,True,0.010460530115180795,True,HMML,Lagged,,Past-smoothed spectral contrast (4.5–8 / 8–16 Hz),Hydrothermal RMS (2–5 Hz)
hmml,hmml,11,False,0.8384030771804514,4.006872886332733,0.3636452587221487,6.970463681379487,6.871139806253622,0.014249249356422673,-0.04907787181149656,True,4.532387297432396,0.03759255267083292,-0.12956904576048256,6.701050560509799,6.207460797884512,0.6891100894021606,61.0,57.0,,6.0,0.05186140886505975,-2.4983711124704184,0.015384575599693074,True,,12.0,0.03926401135469506,-3.2999441801808955,0.0016711484963838911,True,,24.0,0.029515847323066342,-4.38981284671525,4.971576875363075e-05,True,,GNSS_deformation_rate_scaled,hydro_2_5_scaled,lagged,,unique_split_backend_max_lag_grid,S1,72,[72],1,2019-12-10 01:00:00+00:00,7,4,14,0.05,0.2,0.01,0.05,fdr_bh,robust_parcorr,"[6, 12, 24]",0.5229566370639719,False,0.10807858892864464,False,0.05897420646549012,False,0.007321221984157999,True,0.00022869253626670144,True,HMML,Lagged,,Hydrothermal RMS (2–5 Hz),Lagged GNSS deformation change
hmml,hmml,11,False,1.4590501424606108,4.006872886332733,0.23198364939621063,5.041551485511574,4.917838166924515,0.02453873950163696,-0.026382401820807613,False,2.4824979114313988,0.1206538246148644,0.03485529584816599,3.5757811329072178,3.426546156134798,0.46044183868168637,61.0,57.0,,6.0,0.011450959525993985,3.0438755607373804,0.0035301995538643944,True,,12.0,0.008587780654784537,4.058708209873403,0.0001520378296307728,True,,24.0,0.005941599135181065,5.866315625667635,2.3790037333493793e-07,True,,pressure_drop_scaled,hydro_2_5_scaled,lagged,,unique_split_backend_max_lag_grid,S1,72,[72],1,2019-12-10 01:00:00+00:00,7,4,14,0.05,0.2,0.01,0.05,fdr_bh,robust_parcorr,"[6, 12, 24]",0.40165994672393807,False,0.2413076492297288,False,0.019104609350324958,True,0.0009324986884020731,True,2.1886834346814293e-06,True,HMML,Lagged,,Hydrothermal RMS (2–5 Hz),Pressure drop
hmml,hmml,12,True,40.70949186447668,4.009867915653539,3.401571127273895e-08,15.050304127994119,8.779774809242985,0.41663804700715107,0.49496083432874427,True,20.662586502281172,2.9726054889326797e-05,0.30416168764340784,7.004111907237384,5.116319246463492,0.1445492133346987,60.0,56.0,,6.0,0.0912693891470154,3.3325706514094073,0.001529320116533947,True,,12.0,0.10329262645116011,2.9446602152886947,0.004700905008259344,True,,24.0,0.10657472918158203,2.853975703050365,0.00604171161408629,True,,hydro_2_5_scaled,spectral_log_ratio_4p5_8_over_8_16_scaled,lagged,,unique_split_backend_max_lag_grid,S1,72,[72],1,2019-12-10 01:00:00+00:00,7,4,14,0.05,0.2,0.01,0.05,fdr_bh,robust_parcorr,"[6, 12, 24]",3.1294454370919836e-06,True,0.000546959409963613,True,0.010049817908651653,True,0.01965833003453907,True,0.018527915616531287,True,HMML,Lagged,AIC,Past-smoothed spectral contrast (4.5–8 / 8–16 Hz),Hydrothermal RMS (2–5 Hz)
hmml,hmml,12,False,0.007250054502122779,4.009867915653539,0.9324426984210807,28.548129694383444,28.5444990071284,0.00012717776239322753,0.011242065193621526,True,5.718449847139379,0.020172025556905723,-0.2835463032824626,20.075577987810398,18.215499094708548,0.6592278103468361,60.0,56.0,,6.0,0.15724352958903628,-1.8032303397381428,0.07673289994636691,False,,12.0,0.14780970576118688,-1.9183199223776453,0.060174121429619844,False,,24.0,0.1498654190518307,-1.8920062084796132,0.06366471796100895,False,,GNSS_deformation_rate_scaled,hydro_2_5_scaled,lagged,,unique_split_backend_max_lag_grid,S1,72,[72],1,2019-12-10 01:00:00+00:00,7,4,14,0.05,0.2,0.01,0.05,fdr_bh,robust_parcorr,"[6, 12, 24]",0.9638733511768476,False,0.07794362894400741,False,0.18577438934383567,False,0.1471500739645334,False,0.11263757793101582,False,HMML,Lagged,AIC,Hydrothermal RMS (2–5 Hz),Lagged GNSS deformation change
hmml,hmml,12,False,3.208176669703743,4.009867915653539,0.07858089341357707,8.07971107216338,7.649185818062722,0.05328473385439807,-0.08588738859055677,False,0.1441505084602372,0.7056252755804333,-0.02741454302307075,7.511874293702528,7.4925875026633895,0.5847323461588485,60.0,56.0,,6.0,0.09722930585460283,-0.28195761331533714,0.779015415064113,False,,12.0,0.10788517576529194,-0.2541085262975524,0.8003424505854446,False,,24.0,0.0944724828271058,-0.2901854826155267,0.7727462052745044,False,,spectral_log_ratio_4p5_8_over_8_16_scaled,hydro_2_5_scaled,lagged,,unique_split_backend_max_lag_grid,S1,72,[72],1,2019-12-10 01:00:00+00:00,7,4,14,0.05,0.2,0.01,0.05,fdr_bh,robust_parcorr,"[6, 12, 24]",0.1803779358879735,False,0.832275966069229,False,0.8965426032118136,False,0.8786922306980922,False,0.8577142074101031,False,HMML,Lagged,AIC,Hydrothermal RMS (2–5 Hz),Past-smoothed spectral contrast (4.5–8 / 8–16 Hz)
pcmci,pcmci,4,False,,,,,,,,,,,,,,,,,,,,,,,,,,,,,,,,,,,,GNSS_deformation_rate_scaled,,lagged,No B2 cause candidate remains after removing trigger.,unique_split_backend_max_lag_grid,S1,72,[72],1,2019-12-10 01:00:00+00:00,7,4,14,0.05,0.2,0.01,0.05,fdr_bh,robust_parcorr,"[6, 12, 24]",,False,,False,,False,,False,,False,PCMCI,Lagged,,,Lagged GNSS deformation change
pcmci,pcmci,5,False,0.8366293056673132,3.9909237717402837,0.3637959214358065,11.57751057261319,11.42811840439826,0.012903652065610761,0.031966289255283324,False,1.3252124519435171,0.25400909230886903,0.04734050834004659,11.574191606834034,11.33574291379605,-0.17060521768116568,67.0,63.0,,6.0,0.04108908839004455,1.1521430675380158,0.25361562614078187,False,,12.0,0.033291215763544345,1.4220120008920483,0.15995488559073723,False,,24.0,0.025760701618647613,1.8377025999081418,0.07082254174018207,False,,pressure_drop_scaled,GNSS_deformation_rate_scaled,lagged,,unique_split_backend_max_lag_grid,S1,72,[72],1,2019-12-10 01:00:00+00:00,7,4,14,0.05,0.2,0.01,0.05,fdr_bh,robust_parcorr,"[6, 12, 24]",0.5229566370639719,False,0.4208327492945083,False,0.3888772934158655,False,0.2581727977955759,False,0.12293724226597644,False,PCMCI,Lagged,,Lagged GNSS deformation change,Pressure drop
pcmci,pcmci,5,False,2.8173561219068426,3.9909237717402837,0.09812674537379684,12.698733267321686,12.163290741791691,0.04216503443755895,-0.11386624889958734,False,3.7607213193572226,0.05695120501963837,-0.15465553932866072,12.69820983650781,11.982902579394935,0.14129614342706034,67.0,63.0,,6.0,0.08447517326224374,-1.8307809662437728,0.07186339713093486,False,,12.0,0.08210964411682853,-1.8835246576956455,0.06424666676585121,False,,24.0,0.07741042987417267,-1.9978643650480519,0.05005297405605703,False,,GNSS_deformation_rate_scaled,rainfall_mm_scaled,lagged,,unique_split_backend_max_lag_grid,S1,72,[72],1,2019-12-10 01:00:00+00:00,7,4,14,0.05,0.2,0.01,0.05,fdr_bh,robust_parcorr,"[6, 12, 24]",0.2051741039633934,False,0.14970031033733514,False,0.18365090377905574,False,0.1471500739645334,False,0.09593486694077596,False,PCMCI,Lagged,,Rainfall,Lagged GNSS deformation change
pcmci,pcmci,6,False,,,,,,,,,,,,,,,,,,,,,,,,,,,,,,,,,,,,GNSS_deformation_rate_scaled,,lagged,No B2 cause candidate remains after removing trigger.,unique_split_backend_max_lag_grid,S1,72,[72],1,2019-12-10 01:00:00+00:00,7,4,14,0.05,0.2,0.01,0.05,fdr_bh,robust_parcorr,"[6, 12, 24]",,False,,False,,False,,False,,False,PCMCI,Lagged,,,Lagged GNSS deformation change
pcmci,pcmci,7,False,,,,,,,,,,,,,,,,,,,,,,,,,,,,,,,,,,,,GNSS_deformation_rate_scaled,,lagged,No B2 cause candidate remains after removing trigger.,unique_split_backend_max_lag_grid,S1,72,[72],1,2019-12-10 01:00:00+00:00,7,4,14,0.05,0.2,0.01,0.05,fdr_bh,robust_parcorr,"[6, 12, 24]",,False,,False,,False,,False,,False,PCMCI,Lagged,,,Lagged GNSS deformation change
pcmci,pcmci,8,False,,,,,,,,,,,,,,,,,,,,,,,,,,,,,,,,,,,,GNSS_deformation_rate_scaled,,lagged,No B2 cause candidate remains after removing trigger.,unique_split_backend_max_lag_grid,S1,72,[72],1,2019-12-10 01:00:00+00:00,7,4,14,0.05,0.2,0.01,0.05,fdr_bh,robust_parcorr,"[6, 12, 24]",,False,,False,,False,,False,,False,PCMCI,Lagged,,,Lagged GNSS deformation change
pcmci,pcmci,9,False,,,,,,,,,,,,,,,,,,,,,,,,,,,,,,,,,,,,GNSS_deformation_rate_scaled,,lagged,No B2 cause candidate remains after removing trigger.,unique_split_backend_max_lag_grid,S1,72,[72],1,2019-12-10 01:00:00+00:00,7,4,14,0.05,0.2,0.01,0.05,fdr_bh,robust_parcorr,"[6, 12, 24]",,False,,False,,False,,False,,False,PCMCI,Lagged,,,Lagged GNSS deformation change
pcmci,pcmci,10,False,,,,,,,,,,,,,,,,,,,,,,,,,,,,,,,,,,,,GNSS_deformation_rate_scaled,,lagged,No B2 cause candidate remains after removing trigger.,unique_split_backend_max_lag_grid,S1,72,[72],1,2019-12-10 01:00:00+00:00,7,4,14,0.05,0.2,0.01,0.05,fdr_bh,robust_parcorr,"[6, 12, 24]",,False,,False,,False,,False,,False,PCMCI,Lagged,,,Lagged GNSS deformation change
pcmci,pcmci,11,False,,,,,,,,,,,,,,,,,,,,,,,,,,,,,,,,,,,,GNSS_deformation_rate_scaled,,lagged,No B2 cause candidate remains after removing trigger.,unique_split_backend_max_lag_grid,S1,72,[72],1,2019-12-10 01:00:00+00:00,7,4,14,0.05,0.2,0.01,0.05,fdr_bh,robust_parcorr,"[6, 12, 24]",,False,,False,,False,,False,,False,PCMCI,Lagged,,,Lagged GNSS deformation change
pcmci,pcmci,12,True,25.36365062516472,4.009867915653539,5.08845235093247e-06,147.8180759673012,102.29792227740171,0.30794713969872667,-18.953525490733963,True,21.682055963941668,2.0216134278138075e-05,-27.081417630829844,134.07709293945956,96.65446043414369,0.9385207271077348,60.0,56.0,,6.0,6.710694589993048,-4.035561038825028,0.00016691727098900526,True,,12.0,5.995870235691399,-4.516678408018785,3.285585319817582e-05,True,,24.0,3.5162743252693476,-7.701736305444656,2.397351726579794e-10,True,,spectral_log_ratio_4p5_8_over_8_16_scaled,GNSS_deformation_rate_scaled,lagged,,unique_split_backend_max_lag_grid,S1,72,[72],1,2019-12-10 01:00:00+00:00,7,4,14,0.05,0.2,0.01,0.05,fdr_bh,robust_parcorr,"[6, 12, 24]",7.802293604763122e-05,True,0.0004649710883971757,True,0.0019195486163735604,True,0.0002747944085665614,True,5.513908971133526e-09,True,PCMCI,Lagged,AIC,Lagged GNSS deformation change,Past-smoothed spectral contrast (4.5–8 / 8–16 Hz)
pcmci,pcmci,12,True,4.981463679224115,4.009867915653539,0.0295672323924627,55.413247083715476,50.959672396870396,0.08037021689266556,0.8893749649422886,True,5.719282186197836,0.02016337459880731,-1.4299667175429138,40.1981093714585,36.47310929525172,0.8155092374947576,60.0,56.0,,6.0,1.1021690311766221,-1.2974114469686657,0.19980908967820282,False,,12.0,0.9510895404260928,-1.5035037783112215,0.1383282188081654,False,,24.0,0.7944055386573823,-1.8000462584383385,0.07724057165332113,False,,GNSS_deformation_rate_scaled,spectral_log_ratio_4p5_8_over_8_16_scaled,lagged,,unique_split_backend_max_lag_grid,S1,72,[72],1,2019-12-10 01:00:00+00:00,7,4,14,0.05,0.2,0.01,0.05,fdr_bh,robust_parcorr,"[6, 12, 24]",0.08619499887412767,False,0.07794362894400741,False,0.3342261136435392,False,0.2356702987102077,False,0.1315950480019545,False,PCMCI,Lagged,AIC,Past-smoothed spectral contrast (4.5–8 / 8–16 Hz),Lagged GNSS deformation change
pcmci_plus_tau0,pcmci_plus,5,False,,,,,,,,,,,,,,,,,,,,,,,,,,,,,,,,,,,,GNSS_deformation_rate_scaled,,lagged,No B2 cause candidate remains after removing trigger.,unique_split_backend_max_lag_grid,S1,72,[72],1,2019-12-10 01:00:00+00:00,7,4,14,0.05,0.2,0.01,0.05,fdr_bh,robust_parcorr,"[6, 12, 24]",,False,,False,,False,,False,,False,PCMCI+ with eligible exploratory τ=0 triggers,Lagged,,,Lagged GNSS deformation change
pcmci_plus_tau0,pcmci_plus,6,False,,,,,,,,,,,,,,,,,,,,,,,,,,,,,,,,,,,,GNSS_deformation_rate_scaled,,lagged,No B2 cause candidate remains after removing trigger.,unique_split_backend_max_lag_grid,S1,72,[72],1,2019-12-10 01:00:00+00:00,7,4,14,0.05,0.2,0.01,0.05,fdr_bh,robust_parcorr,"[6, 12, 24]",,False,,False,,False,,False,,False,PCMCI+ with eligible exploratory τ=0 triggers,Lagged,,,Lagged GNSS deformation change
pcmci_plus_tau0,pcmci_plus,7,False,,,,,,,,,,,,,,,,,,,,,,,,,,,,,,,,,,,,GNSS_deformation_rate_scaled,,lagged,No B2 cause candidate remains after removing trigger.,unique_split_backend_max_lag_grid,S1,72,[72],1,2019-12-10 01:00:00+00:00,7,4,14,0.05,0.2,0.01,0.05,fdr_bh,robust_parcorr,"[6, 12, 24]",,False,,False,,False,,False,,False,PCMCI+ with eligible exploratory τ=0 triggers,Lagged,,,Lagged GNSS deformation change
pcmci_plus_tau0,pcmci_plus,8,False,,,,,,,,,,,,,,,,,,,,,,,,,,,,,,,,,,,,GNSS_deformation_rate_scaled,,lagged,No B2 cause candidate remains after removing trigger.,unique_split_backend_max_lag_grid,S1,72,[72],1,2019-12-10 01:00:00+00:00,7,4,14,0.05,0.2,0.01,0.05,fdr_bh,robust_parcorr,"[6, 12, 24]",,False,,False,,False,,False,,False,PCMCI+ with eligible exploratory τ=0 triggers,Lagged,,,Lagged GNSS deformation change
pcmci_plus_tau0,pcmci_plus,9,False,,,,,,,,,,,,,,,,,,,,,,,,,,,,,,,,,,,,GNSS_deformation_rate_scaled,,lagged,No B2 cause candidate remains after removing trigger.,unique_split_backend_max_lag_grid,S1,72,[72],1,2019-12-10 01:00:00+00:00,7,4,14,0.05,0.2,0.01,0.05,fdr_bh,robust_parcorr,"[6, 12, 24]",,False,,False,,False,,False,,False,PCMCI+ with eligible exploratory τ=0 triggers,Lagged,,,Lagged GNSS deformation change
pcmci_plus_tau0,pcmci_plus,12,False,,,,,,,,,,,,,,,,,,,,,,,,,,,,,,,,,,,,spectral_log_ratio_4p5_8_over_8_16_scaled,,lagged,No B2 cause candidate remains after removing trigger.,unique_split_backend_max_lag_grid,S1,72,[72],1,2019-12-10 01:00:00+00:00,7,4,14,0.05,0.2,0.01,0.05,fdr_bh,robust_parcorr,"[6, 12, 24]",,False,,False,,False,,False,,False,PCMCI+ with eligible exploratory τ=0 triggers,Lagged,AIC,,Past-smoothed spectral contrast (4.5–8 / 8–16 Hz)
hmml,hmml,1,False,,,,,,,,,,,,,,,,,,,,,,,,,,,,,,,,,,,,rainfall_mm_scaled,,lagged,No B2 cause candidate remains after removing trigger.,unique_split_backend_max_lag_grid,S2,60,[60],1,2019-12-10 13:00:00+00:00,7,4,14,0.05,0.2,0.01,0.05,fdr_bh,robust_parcorr,"[6, 12, 24]",,False,,False,,False,,False,,False,HMML,Lagged,,,Rainfall
hmml,hmml,5,True,5.354210495767362,4.026631400264279,0.02465767238606776,6.701175932398742,6.075598381926126,0.09335339898301788,0.20331791396942808,False,2.044885822085332,0.1588164585952959,0.1323955714571696,5.8631485335724065,5.637123552591285,0.10931178048670336,55.0,51.0,,6.0,0.10419917589254252,1.2706009459585859,0.20963632062005397,False,,12.0,0.11299415218119929,1.1717028616211738,0.24676125523305406,False,,24.0,0.1191669319531646,1.1110093151446088,0.2717748306426528,False,,hydro_2_5_scaled,spectral_log_ratio_4p5_8_over_8_16_scaled,lagged,,unique_split_backend_max_lag_grid,S2,60,[60],1,2019-12-10 13:00:00+00:00,7,4,14,0.05,0.2,0.01,0.05,fdr_bh,robust_parcorr,"[6, 12, 24]",0.07889442079462315,False,0.2981860038932086,False,0.3444025267329458,False,0.36034976954668213,False,0.3788376427140009,False,HMML,Lagged,,Past-smoothed spectral contrast (4.5–8 / 8–16 Hz),Hydrothermal RMS (2–5 Hz)
hmml,hmml,5,False,1.266958801746878,4.026631400264279,0.26550635517555243,7.42551075919651,7.248894402162783,0.023785078597453706,0.0707536439700892,False,0.007463939616679007,0.9314914439107471,0.006671359784453002,6.980265578180191,6.979244153534465,0.3581541866385617,55.0,51.0,,6.0,0.04327000727130237,0.15417977035741326,0.8780765045034403,False,,12.0,0.036358101976017514,0.1834903205028017,0.8551408857070717,False,,24.0,0.02579576508947554,0.25862228785665525,0.7969676220875843,False,,GNSS_deformation_rate_scaled,hydro_2_5_scaled,lagged,,unique_split_backend_max_lag_grid,S2,60,[60],1,2019-12-10 13:00:00+00:00,7,4,14,0.05,0.2,0.01,0.05,fdr_bh,robust_parcorr,"[6, 12, 24]",0.4140099097652682,False,0.9521912537754303,False,0.8975893157146279,False,0.8786922306980922,False,0.8626002497889148,False,HMML,Lagged,,Hydrothermal RMS (2–5 Hz),Lagged GNSS deformation change
hmml,hmml,5,False,0.7451869726185698,4.026631400264279,0.3919685273013137,6.930536797593477,6.8326217833287375,0.014128056328730357,0.037560682278968985,False,1.315131282517551,0.2568195743342647,-0.0727776051934752,6.344545015010472,6.185051778196797,0.3071158711532288,55.0,51.0,,6.0,0.06256275118903816,-1.1632737341357013,0.25013238333147403,False,,12.0,0.06301390684223299,-1.154945135772766,0.2534957101619597,False,,24.0,0.06669948603079093,-1.0911269265235177,0.2803452441293134,False,,spectral_log_ratio_4p5_8_over_8_16_scaled,hydro_2_5_scaled,lagged,,unique_split_backend_max_lag_grid,S2,60,[60],1,2019-12-10 13:00:00+00:00,7,4,14,0.05,0.2,0.01,0.05,fdr_bh,robust_parcorr,"[6, 12, 24]",0.5382254404734457,False,0.4208327492945083,False,0.3888772934158655,False,0.3644000833578171,False,0.3849516785059228,False,HMML,Lagged,,Hydrothermal RMS (2–5 Hz),Past-smoothed spectral contrast (4.5–8 / 8–16 Hz)
hmml,hmml,6,True,17.877495172529358,4.030392594835544,9.773585608465537e-05,13.341070280285662,9.878329381611032,0.2595549551816382,-0.2212794849890064,True,5.512839747425611,0.02287476066835,-0.11319489124544725,7.299283571546254,6.574410176777847,0.24918486767037154,54.0,50.0,,6.0,0.0663675176951255,-1.7055766913783652,0.09429278473720833,False,,12.0,0.06479821729445992,-1.7468827997390775,0.08679816637330867,False,,24.0,0.06307874859351431,-1.7945012190220564,0.07877986945787747,False,,GNSS_deformation_rate_scaled,hydro_2_5_scaled,lagged,,unique_split_backend_max_lag_grid,S2,60,[60],1,2019-12-10 13:00:00+00:00,7,4,14,0.05,0.2,0.01,0.05,fdr_bh,robust_parcorr,"[6, 12, 24]",0.0008991698759788294,True,0.07794362894400741,False,0.20827273780842326,False,0.18477365575286,False,0.13177723618408596,False,HMML,Lagged,,Hydrothermal RMS (2–5 Hz),Lagged GNSS deformation change
hmml,hmml,6,True,8.120531966194125,4.030392594835544,0.006298754707499516,18.285831436623617,15.774171379260663,0.13735552939269133,-0.1560402145635021,True,5.932522844821921,0.018471232910112434,0.2816395398335931,13.11709260707567,11.725818843776697,0.6669426523051786,54.0,50.0,,6.0,0.17411613380537286,1.617538442177966,0.11205434349916935,False,,12.0,0.1662145022538519,1.694434216115858,0.09640364647975305,False,,24.0,0.13187003495406846,2.1357356880332268,0.037621806656485395,True,,rainfall_mm_scaled,hydro_2_5_scaled,lagged,,unique_split_backend_max_lag_grid,S2,60,[60],1,2019-12-10 13:00:00+00:00,7,4,14,0.05,0.2,0.01,0.05,fdr_bh,robust_parcorr,"[6, 12, 24]",0.02759454443285502,True,0.07794362894400741,False,0.22908888004274622,False,0.18477365575286,False,0.08204136866108981,False,HMML,Lagged,,Hydrothermal RMS (2–5 Hz),Rainfall
hmml,hmml,6,True,9.781430444739248,4.030392594835544,0.0029110777918498376,7.626357416178695,6.399063420837561,0.16092794087220846,-0.15225062690598046,False,0.04456294426874025,0.8336677683232395,-0.014529675086617592,5.596162444893639,5.5911792567013805,0.6288581633067718,54.0,50.0,,6.0,0.08100031464857166,-0.17937800797016787,0.8583658476329881,False,,12.0,0.08044800094522148,-0.1806095231193018,0.8574041578454112,False,,24.0,0.06592765394303476,-0.2203881712395235,0.8264662791047697,False,,spectral_log_ratio_4p5_8_over_8_16_scaled,hydro_2_5_scaled,lagged,,unique_split_backend_max_lag_grid,S2,60,[60],1,2019-12-10 13:00:00+00:00,7,4,14,0.05,0.2,0.01,0.05,fdr_bh,robust_parcorr,"[6, 12, 24]",0.015754068050010884,True,0.8933169857742932,False,0.8965426032118136,False,0.8786922306980922,False,0.8640329281549864,False,HMML,Lagged,,Hydrothermal RMS (2–5 Hz),Past-smoothed spectral contrast (4.5–8 / 8–16 Hz)
hmml,hmml,6,False,0.6481427544388956,4.030392594835544,0.4245149673391817,4.494242084984775,4.437842952533359,0.012549197703400303,0.01882725705635487,True,5.714005399804974,0.02063825168691012,0.06263296627942135,4.19198568904604,3.7620573668723463,0.29975707305595,54.0,50.0,,6.0,0.020338903625755383,3.0794662009268046,0.0033647113087726514,True,,12.0,0.016179064622886027,3.871235311763583,0.0003147950505635461,True,,24.0,0.013276012317741413,4.717754456714514,1.954711413599944e-05,True,,pressure_drop_scaled,hydro_2_5_scaled,lagged,,unique_split_backend_max_lag_grid,S2,60,[60],1,2019-12-10 13:00:00+00:00,7,4,14,0.05,0.2,0.01,0.05,fdr_bh,robust_parcorr,"[6, 12, 24]",0.5660199564522422,False,0.07794362894400741,False,0.019104609350324958,True,0.0016089524806581245,True,9.99074722506638e-05,True,HMML,Lagged,,Hydrothermal RMS (2–5 Hz),Pressure drop
hmml,hmml,6,False,1.5460560394545622,4.030392594835544,0.21940421022642312,30.448384052920705,29.552505054479727,0.029422875016417892,-0.3501569630785352,False,0.34708318363590457,0.5584214938250929,0.1736652393879817,23.83746212658336,23.673131211632086,0.7092868545136879,54.0,50.0,,6.0,0.3056486109508073,0.568185927126403,0.5724517261222222,False,,12.0,0.24301495716334473,0.7146277801791888,0.4781624451012808,False,,24.0,0.1934417465722991,0.8977650505397712,0.3736135997624016,False,,hydro_2_5_scaled,spectral_log_ratio_4p5_8_over_8_16_scaled,lagged,,unique_split_backend_max_lag_grid,S2,60,[60],1,2019-12-10 13:00:00+00:00,7,4,14,0.05,0.2,0.01,0.05,fdr_bh,robust_parcorr,"[6, 12, 24]",0.3957879870751162,False,0.6939878151439121,False,0.7022074507099259,False,0.6284420707045405,False,0.491035016830585,False,HMML,Lagged,,Past-smoothed spectral contrast (4.5–8 / 8–16 Hz),Hydrothermal RMS (2–5 Hz)
hmml,hmml,7,True,18.201742091579032,4.034309706802996,8.829038487042467e-05,9.085248798568482,6.660569451707782,0.2668808967832279,-0.2095717538794658,True,5.079591565762224,0.028716423866649708,-0.10349972939577534,4.913896511934169,4.452343705147593,0.473117221059664,53.0,49.0,,6.0,0.04913767087420515,-2.1063214343378167,0.04032175387455752,True,,12.0,0.04850964300645857,-2.133590828157515,0.03790810545150685,True,,24.0,0.04792045639805573,-2.159823532064161,0.035706708154518874,True,,GNSS_deformation_rate_scaled,hydro_2_5_scaled,lagged,,unique_split_backend_max_lag_grid,S2,60,[60],1,2019-12-10 13:00:00+00:00,7,4,14,0.05,0.2,0.01,0.05,fdr_bh,robust_parcorr,"[6, 12, 24]",0.0008991698759788294,True,0.08806369985772577,False,0.132485762730689,False,0.10257487357466559,False,0.0806834737489561,False,HMML,Lagged,,Hydrothermal RMS (2–5 Hz),Lagged GNSS deformation change
hmml,hmml,7,True,6.55556126342423,4.034309706802996,0.013523011029875468,17.825249021322666,15.759059430332858,0.11591364521854476,-0.14668821715275615,True,4.581336752810176,0.03732505670366738,0.2540294113629138,13.40575286835094,12.259527857239295,0.7365499282423753,53.0,49.0,,6.0,0.15029641812041172,1.6901893906706091,0.09734486658437173,False,,12.0,0.14941274618680953,1.7001856792412002,0.09543591001454466,False,,24.0,0.12046744096910629,2.1086976640274053,0.04010621303423684,True,,rainfall_mm_scaled,hydro_2_5_scaled,lagged,,unique_split_backend_max_lag_grid,S2,60,[60],1,2019-12-10 13:00:00+00:00,7,4,14,0.05,0.2,0.01,0.05,fdr_bh,robust_parcorr,"[6, 12, 24]",0.05200587887251363,False,0.10807858892864464,False,0.20827273780842326,False,0.18477365575286,False,0.08204136866108981,False,HMML,Lagged,,Hydrothermal RMS (2–5 Hz),Rainfall
hmml,hmml,7,True,17.61988538141042,4.034309706802996,0.00011054035704957229,10.145789894277504,7.502075637255304,0.2605725413763324,-0.25060724315649985,False,0.03512879334243478,0.8520999939852115,-0.012040817632000734,4.639802411954024,4.63647845494422,0.6634163571080707,53.0,49.0,,6.0,0.06840609342238134,-0.17601966476368286,0.8610039432108109,False,,12.0,0.06771000623303355,-0.17782922055213757,0.8595902256829163,False,,24.0,0.053658355390067955,-0.22439781362045738,0.8233808674320008,False,,spectral_log_ratio_4p5_8_over_8_16_scaled,hydro_2_5_scaled,lagged,,unique_split_backend_max_lag_grid,S2,60,[60],1,2019-12-10 13:00:00+00:00,7,4,14,0.05,0.2,0.01,0.05,fdr_bh,robust_parcorr,"[6, 12, 24]",0.0009245193498691501,True,0.8933169857742932,False,0.8965426032118136,False,0.8786922306980922,False,0.8640329281549864,False,HMML,Lagged,,Hydrothermal RMS (2–5 Hz),Past-smoothed spectral contrast (4.5–8 / 8–16 Hz)
hmml,hmml,7,True,8.194312258698073,4.034309706802996,0.006123177216823879,26.87933797944064,23.09447172427327,0.14080950423936492,-0.7158834112120411,False,0.3443936373000207,0.5599983006190186,-0.17714905318879196,19.991470986290153,19.851942766355926,0.6955338341620458,53.0,49.0,,6.0,0.2125074497092585,-0.833613378877578,0.40854419777902484,False,,12.0,0.17794431018442236,-0.9955308658377096,0.3243691066541581,False,,24.0,0.1503178632168274,-1.1784963503190677,0.2442902328664742,False,,hydro_2_5_scaled,spectral_log_ratio_4p5_8_over_8_16_scaled,lagged,,unique_split_backend_max_lag_grid,S2,60,[60],1,2019-12-10 13:00:00+00:00,7,4,14,0.05,0.2,0.01,0.05,fdr_bh,robust_parcorr,"[6, 12, 24]",0.02759454443285502,True,0.6939878151439121,False,0.5527362675833866,False,0.4454023554057096,False,0.35116720974555665,False,HMML,Lagged,,Past-smoothed spectral contrast (4.5–8 / 8–16 Hz),Hydrothermal RMS (2–5 Hz)
hmml,hmml,7,False,0.41821878852427136,4.034309706802996,0.5207849364308819,4.156996756051691,4.122514495690463,0.008294993329265778,0.014779783575364398,True,9.87979300003601,0.002835752819763924,0.07469256203764703,3.5413182343948675,2.9470992448163393,0.4798418758030367,53.0,49.0,,6.0,0.015334887383270481,4.870760389093728,1.2033294761835298e-05,True,,12.0,0.011078327662300816,6.7422235841446865,1.6641342839156755e-08,True,,24.0,0.007687021638975728,9.71671026121888,5.180406126448713e-13,True,,pressure_drop_scaled,hydro_2_5_scaled,lagged,,unique_split_backend_max_lag_grid,S2,60,[60],1,2019-12-10 13:00:00+00:00,7,4,14,0.05,0.2,0.01,0.05,fdr_bh,robust_parcorr,"[6, 12, 24]",0.6471351507988817,False,0.027291944047200017,True,0.00027676577952221186,True,5.103345137341405e-07,True,2.3829868181664083e-11,True,HMML,Lagged,,Hydrothermal RMS (2–5 Hz),Pressure drop
hmml,hmml,8,True,4.996998440311051,4.038392633683038,0.029980869173609623,4.827638282891207,4.380878246837352,0.09254215205748512,-0.2501743488033383,True,5.6034160257946635,0.022005398825007808,-0.27350109744352863,4.819751472616288,4.315920287137187,0.4352175576742095,52.0,48.0,,6.0,0.07664643306538883,-3.5683473647129613,0.0008272396241146079,True,,12.0,0.06958656809404008,-3.930371980321204,0.00027152390099711553,True,,24.0,0.062017867998341566,-4.41003707916632,5.8105561329112464e-05,True,,hydro_2_5_scaled,spectral_log_ratio_4p5_8_over_8_16_scaled,lagged,,unique_split_backend_max_lag_grid,S2,60,[60],1,2019-12-10 13:00:00+00:00,7,4,14,0.05,0.2,0.01,0.05,fdr_bh,robust_parcorr,"[6, 12, 24]",0.08619499887412767,False,0.07794362894400741,False,0.006342170451545327,True,0.001469423464219684,True,0.00025455769725134985,True,HMML,Lagged,,Past-smoothed spectral contrast (4.5–8 / 8–16 Hz),Hydrothermal RMS (2–5 Hz)
hmml,hmml,8,False,3.187666550728841,4.038392633683038,0.08038581925442297,3.442641596131916,3.2323621529713327,0.06108084076973015,-0.07731501491974907,False,1.1961934770872906,0.2795422480006272,-0.05252200664764195,3.2203097258420215,3.142008678220378,0.4376330327969719,52.0,48.0,,6.0,0.03400489680664595,-1.5445424506442553,0.1290250463279703,False,,12.0,0.03350343744163775,-1.5676602360320229,0.1235299850490553,False,,24.0,0.035247091148208565,-1.4901089689017184,0.14273787402622884,False,,GNSS_deformation_rate_scaled,hydro_2_5_scaled,lagged,,unique_split_backend_max_lag_grid,S2,60,[60],1,2019-12-10 13:00:00+00:00,7,4,14,0.05,0.2,0.01,0.05,fdr_bh,robust_parcorr,"[6, 12, 24]",0.1803779358879735,False,0.4358963867128424,False,0.2580500926559406,False,0.21855305047140552,False,0.21180458726472667,False,HMML,Lagged,,Hydrothermal RMS (2–5 Hz),Lagged GNSS deformation change
hmml,hmml,8,False,0.3335381336030972,4.038392633683038,0.5662275400825403,2.792794467137844,2.773912718750296,0.006760880046750807,0.010725586379891539,True,6.9866666111812545,0.01105852489152603,0.053092380973897624,2.46786130271458,2.154292118995483,0.24534301233334233,52.0,48.0,,6.0,0.01383582169703597,3.837313181426119,0.0003631770149860378,True,,12.0,0.010293825547653058,5.157691931742755,4.7019743323796754e-06,True,,24.0,0.007540633147482606,7.040838605392465,6.366210967573963e-09,True,,pressure_drop_scaled,hydro_2_5_scaled,lagged,,unique_split_backend_max_lag_grid,S2,60,[60],1,2019-12-10 13:00:00+00:00,7,4,14,0.05,0.2,0.01,0.05,fdr_bh,robust_parcorr,"[6, 12, 24]",0.6765316063323858,False,0.07750738647136741,False,0.0033412285378715476,True,7.209693976315503e-05,True,8.367020128811494e-08,True,HMML,Lagged,,Hydrothermal RMS (2–5 Hz),Pressure drop
hmml,hmml,8,False,0.5959189915271356,4.038392633683038,0.44384664400403595,4.2221802902379855,4.171448748777201,0.012015484411710188,-0.02947886631746093,False,0.06376937815530465,0.8017127989850195,-0.015113122818274089,4.168440704436902,4.162910158767298,0.5903095770474336,52.0,48.0,,6.0,0.07406572909893226,-0.2040501457575196,0.839177003565496,False,,12.0,0.07887478244098665,-0.1916090586947936,0.8488567048786759,False,,24.0,0.06446903468781841,-0.23442452475761597,0.8156525128140157,False,,spectral_log_ratio_4p5_8_over_8_16_scaled,hydro_2_5_scaled,lagged,,unique_split_backend_max_lag_grid,S2,60,[60],1,2019-12-10 13:00:00+00:00,7,4,14,0.05,0.2,0.01,0.05,fdr_bh,robust_parcorr,"[6, 12, 24]",0.5833413035481616,False,0.8933169857742932,False,0.8965426032118136,False,0.8786922306980922,False,0.8640329281549864,False,HMML,Lagged,,Hydrothermal RMS (2–5 Hz),Past-smoothed spectral contrast (4.5–8 / 8–16 Hz)
hmml,hmml,9,True,8.061864867078825,4.042652128566653,0.006609946629827706,70.71419254267181,60.54527886462565,0.14380300916127728,-0.4875930052441522,True,13.630208418871595,0.0005783481029512203,-0.6781819989646897,70.05692437776766,54.307506631136874,0.9020101225031021,51.0,47.0,,6.0,0.13438512345344497,-5.046555612233613,7.185663319885225e-06,True,,12.0,0.1414101366420222,-4.7958513800287035,1.6716667285780915e-05,True,,24.0,0.11714494205773755,-5.789255490266342,5.602183277378994e-07,True,,GNSS_deformation_rate_scaled,hydro_2_5_scaled,lagged,,unique_split_backend_max_lag_grid,S2,60,[60],1,2019-12-10 13:00:00+00:00,7,4,14,0.05,0.2,0.01,0.05,fdr_bh,robust_parcorr,"[6, 12, 24]",0.027641594997461317,True,0.006651003183939033,True,0.00022036034180981356,True,0.00019224167378648053,True,4.685462377444249e-06,True,HMML,Lagged,,Hydrothermal RMS (2–5 Hz),Lagged GNSS deformation change
hmml,hmml,9,True,21.832667118507587,4.042652128566653,2.4350440269432283e-05,31.6961545150138,21.786586127933315,0.31264260724077836,0.3740394753457828,True,26.889204899599388,4.481041063217092e-06,0.3509044227241063,23.82998810697974,15.15795768204457,0.5934715654885928,51.0,47.0,,6.0,0.08426572527095394,4.164260398825069,0.00013233081948706073,True,,12.0,0.07514706313483188,4.669569349563262,2.546504738373444e-05,True,,24.0,0.0761476625662095,4.608210034273856,3.1206887108137144e-05,True,,hydro_2_5_scaled,spectral_log_ratio_4p5_8_over_8_16_scaled,lagged,,unique_split_backend_max_lag_grid,S2,60,[60],1,2019-12-10 13:00:00+00:00,7,4,14,0.05,0.2,0.01,0.05,fdr_bh,robust_parcorr,"[6, 12, 24]",0.00028003006309847123,True,0.00020612788890798624,True,0.0019195486163735604,True,0.00026030937325595204,True,0.00015110703231308514,True,HMML,Lagged,,Past-smoothed spectral contrast (4.5–8 / 8–16 Hz),Hydrothermal RMS (2–5 Hz)
hmml,hmml,9,False,0.4490159493689572,4.042652128566653,0.5060137562003507,49.014615919719226,48.560358101084745,0.009267803289094576,0.05882969904694466,False,0.1182963172181897,0.7324237144622254,0.03288845896051795,48.17321295411349,48.052268138055766,0.9296522308817051,51.0,47.0,,6.0,0.1178494069866368,0.2790719088153515,0.7814139796135494,False,,12.0,0.09950543249403518,0.3305192303193038,0.7424765754972847,False,,24.0,0.08579642740287317,0.38333133390373053,0.7032025708618213,False,,rainfall_mm_scaled,hydro_2_5_scaled,lagged,,unique_split_backend_max_lag_grid,S2,60,[60],1,2019-12-10 13:00:00+00:00,7,4,14,0.05,0.2,0.01,0.05,fdr_bh,robust_parcorr,"[6, 12, 24]",0.6419820011502395,False,0.852949135829427,False,0.8965426032118136,False,0.8646562651360784,False,0.8189194496112349,False,HMML,Lagged,,Hydrothermal RMS (2–5 Hz),Rainfall
hmml,hmml,9,False,3.611807056349848,4.042652128566653,0.06338550868232289,9.437119817365847,8.776707832356935,0.06998024797710477,0.08445503113264134,False,0.8176643341657068,0.3704757151836202,0.04896478510551056,8.689233883706546,8.540651205383327,0.5453756949799813,51.0,47.0,,6.0,0.07412953760859853,0.6605300219737372,0.5121383569128077,False,,12.0,0.0833779480468175,0.5872630144125923,0.5598378605967529,False,,24.0,0.0898918343019846,0.5447078200787092,0.5885298654811262,False,,spectral_log_ratio_4p5_8_over_8_16_scaled,hydro_2_5_scaled,lagged,,unique_split_backend_max_lag_grid,S2,60,[60],1,2019-12-10 13:00:00+00:00,7,4,14,0.05,0.2,0.01,0.05,fdr_bh,robust_parcorr,"[6, 12, 24]",0.15345965259930805,False,0.541012155506239,False,0.6610355848556169,False,0.6688971840896268,False,0.6941634310803027,False,HMML,Lagged,,Hydrothermal RMS (2–5 Hz),Past-smoothed spectral contrast (4.5–8 / 8–16 Hz)
hmml,hmml,10,False,1.333617942061779,4.0470998945817005,0.2540003977933649,10.453047917307115,10.164628120790686,0.02759193287910718,-0.06368411789758542,True,8.559029729923525,0.005324221695526675,-0.13513205564500977,7.55514694555271,6.369921921555253,0.6181666027291557,50.0,46.0,,6.0,0.04888412284103159,-2.7643342621581164,0.008178535877571063,True,,12.0,0.03339237600980179,-4.046793663480069,0.00019677599705750074,True,,24.0,0.026179893656832327,-5.161673206787206,5.09959580071773e-06,True,,rainfall_mm_scaled,hydro_2_5_scaled,lagged,,unique_split_backend_max_lag_grid,S2,60,[60],1,2019-12-10 13:00:00+00:00,7,4,14,0.05,0.2,0.01,0.05,fdr_bh,robust_parcorr,"[6, 12, 24]",0.4099655543331504,False,0.044529854180768554,True,0.03455450957960802,True,0.0011314619830806293,True,3.3511629547573656e-05,True,HMML,Lagged,,Hydrothermal RMS (2–5 Hz),Rainfall
hmml,hmml,10,False,0.004230443532080147,4.0470998945817005,0.9484165383185111,4.528822520953702,4.5284149208768385,9.000133588321024e-05,0.002488194743615654,False,0.022735209406195736,0.8808069654272888,-0.008036297434639517,4.522574410192432,4.520340260574792,0.13645164473045224,50.0,46.0,,6.0,0.04783065284749005,-0.1680156334111427,0.8673075183244718,False,,12.0,0.04442961238030144,-0.1808770548311723,0.8572586670662371,False,,24.0,0.02782839197308129,-0.2887805174806045,0.7740467553309629,False,,spectral_log_ratio_4p5_8_over_8_16_scaled,hydro_2_5_scaled,lagged,,unique_split_backend_max_lag_grid,S2,60,[60],1,2019-12-10 13:00:00+00:00,7,4,14,0.05,0.2,0.01,0.05,fdr_bh,robust_parcorr,"[6, 12, 24]",0.9694924613922559,False,0.9104970878574221,False,0.8965426032118136,False,0.8786922306980922,False,0.8577142074101031,False,HMML,Lagged,,Hydrothermal RMS (2–5 Hz),Past-smoothed spectral contrast (4.5–8 / 8–16 Hz)
hmml,hmml,10,False,0.794522168324963,4.0470998945817005,0.3772768561505503,16.231201968805184,15.961379210930179,0.016623707744723926,0.21312989594905857,False,1.1492958573236411,0.28928895708298963,0.2591506790168756,15.910045600253717,15.522227518016937,0.2617073776111377,50.0,46.0,,6.0,0.2285580965832491,1.1338503552967925,0.26273199824456933,False,,12.0,0.19930542920452668,1.3002690395901655,0.19998607143151476,False,,24.0,0.15727319486411892,1.6477739848851987,0.10621401994560702,False,,hydro_2_5_scaled,spectral_log_ratio_4p5_8_over_8_16_scaled,lagged,,unique_split_backend_max_lag_grid,S2,60,[60],1,2019-12-10 13:00:00+00:00,7,4,14,0.05,0.2,0.01,0.05,fdr_bh,robust_parcorr,"[6, 12, 24]",0.5339918579361634,False,0.43630465658418105,False,0.39625153833607174,False,0.2971326471787092,False,0.16562186161009906,False,HMML,Lagged,,Past-smoothed spectral contrast (4.5–8 / 8–16 Hz),Hydrothermal RMS (2–5 Hz)
hmml,hmml,11,True,5.4995204498413175,4.051748692149202,0.023391339450795537,19.710347689006326,17.605523037391404,0.10678779922227921,-0.66551185445788,True,6.890711658243104,0.011794602289121128,-0.778852791646141,19.634963921989986,17.027582552901627,0.02166235091530091,49.0,45.0,,6.0,0.17104921236529932,-4.553384262201645,4.002903202515123e-05,True,,12.0,0.13702600447774405,-5.683977976404058,9.174771504666732e-07,True,,24.0,0.09957395909429201,-7.821852206444888,6.270036845979231e-10,True,,GNSS_deformation_rate_scaled,hydro_2_5_scaled,lagged,,unique_split_backend_max_lag_grid,S2,60,[60],1,2019-12-10 13:00:00+00:00,7,4,14,0.05,0.2,0.01,0.05,fdr_bh,robust_parcorr,"[6, 12, 24]",0.07889442079462315,False,0.07750738647136741,False,0.0007365341892627826,True,2.1101974460733486e-05,True,1.1536867796601785e-08,True,HMML,Lagged,,Hydrothermal RMS (2–5 Hz),Lagged GNSS deformation change
hmml,hmml,11,True,12.07755101144899,4.051748692149202,0.0011243675282311886,31.065914670503886,24.605584256840817,0.2079555835449761,-0.3756094698183471,True,6.555640629117706,0.013881796725908708,0.4902902764588047,17.92104043145592,15.64226163373576,-0.3937660633572731,49.0,45.0,,6.0,0.1447288890643912,3.387646237239271,0.0014736916636432645,True,,12.0,0.11213958530443371,4.372142764107581,7.189345721479106e-05,True,,24.0,0.07631439834178405,6.424610389548972,7.298756143260458e-08,True,,hydro_2_5_scaled,spectral_log_ratio_4p5_8_over_8_16_scaled,lagged,,unique_split_backend_max_lag_grid,S2,60,[60],1,2019-12-10 13:00:00+00:00,7,4,14,0.05,0.2,0.01,0.05,fdr_bh,robust_parcorr,"[6, 12, 24]",0.006896120839817957,True,0.07794362894400741,False,0.010049817908651653,True,0.0005087844664431368,True,7.460950724221801e-07,True,HMML,Lagged,,Past-smoothed spectral contrast (4.5–8 / 8–16 Hz),Hydrothermal RMS (2–5 Hz)
hmml,hmml,11,False,0.9117149510904579,4.051748692149202,0.34465091481250265,66.63965008584228,65.34452869916855,0.019434696685913102,-0.1107055857240941,True,6.153140939040248,0.01692411106843728,-0.6859772974585152,66.6396480949649,58.62365651890475,0.802899851451197,49.0,45.0,,6.0,0.4173654552353858,-1.643589062903248,0.10723096066155857,False,,12.0,0.44143985160489,-1.5539541683076181,0.12720092654858722,False,,24.0,0.3360169068106767,-2.0414963757910494,0.04709073378016375,True,,spectral_log_ratio_4p5_8_over_8_16_scaled,hydro_2_5_scaled,lagged,,unique_split_backend_max_lag_grid,S2,60,[60],1,2019-12-10 13:00:00+00:00,7,4,14,0.05,0.2,0.01,0.05,fdr_bh,robust_parcorr,"[6, 12, 24]",0.5198013797172171,False,0.07794362894400741,False,0.2242101904741679,False,0.22080160834849102,False,0.09217760654840564,False,HMML,Lagged,,Hydrothermal RMS (2–5 Hz),Past-smoothed spectral contrast (4.5–8 / 8–16 Hz)
hmml,hmml,12,True,35.0439344891337,4.056612461101311,4.1067176884599006e-07,17.014755993746103,9.5655470287073,0.4378087448198971,-0.5695913683991796,True,4.201077487122504,0.046387996448216846,0.32803316367732593,5.5476469628448495,5.06412883467982,0.5143847104457098,48.0,44.0,,6.0,0.16778187312373471,1.9551168285945295,0.05693983818492914,False,,12.0,0.12088520502842147,2.7135923176057952,0.009466532132105729,True,,24.0,0.08417506892400119,3.897034690562546,0.00032810742285784944,True,,hydro_2_5_scaled,spectral_log_ratio_4p5_8_over_8_16_scaled,lagged,,unique_split_backend_max_lag_grid,S2,60,[60],1,2019-12-10 13:00:00+00:00,7,4,14,0.05,0.2,0.01,0.05,fdr_bh,robust_parcorr,"[6, 12, 24]",1.0231815941324796e-05,True,0.12552046097752792,False,0.15874136706101458,False,0.033212237843006705,True,0.0013720855864964613,True,HMML,Lagged,AIC,Past-smoothed spectral contrast (4.5–8 / 8–16 Hz),Hydrothermal RMS (2–5 Hz)
hmml,hmml,12,False,0.7742170821546173,4.056612461101311,0.3835905417875307,16.868786417637295,16.583470721766133,0.016913824670448618,0.17723275946916342,True,29.042906554429713,2.64200927083388e-06,-1.24933714788659,11.987593865681166,7.221154729062238,0.5289492168951331,48.0,44.0,,6.0,0.16316284354403846,-7.656995433212021,1.2602535612844452e-09,True,,12.0,0.14307912639393622,-8.73179183696454,3.6806895093962927e-11,True,,24.0,0.10190810894110083,-12.259447858154852,8.72230195925531e-16,True,,GNSS_deformation_rate_scaled,hydro_2_5_scaled,lagged,,unique_split_backend_max_lag_grid,S2,60,[60],1,2019-12-10 13:00:00+00:00,7,4,14,0.05,0.2,0.01,0.05,fdr_bh,robust_parcorr,"[6, 12, 24]",0.5347019673401944,False,0.00020612788890798624,True,1.1594332763816896e-07,True,3.3862343486445892e-09,True,8.024517802514886e-14,True,HMML,Lagged,AIC,Hydrothermal RMS (2–5 Hz),Lagged GNSS deformation change
hmml,hmml,12,False,2.6920677239189437,4.056612461101311,0.10782118874817426,64.06297386878347,60.44681981044475,0.056446865325757184,-0.1823979882573927,True,7.02368414918341,0.011134641447599207,-0.7981496546349032,63.225483344208534,54.5221560052656,0.8999248529788814,48.0,44.0,,6.0,0.4236002378587892,-1.8842049255434394,0.06615478274317797,False,,12.0,0.4556871881780223,-1.7515297233309353,0.08682305305647939,False,,24.0,0.3444816110273234,-2.316958667995767,0.025222398010337592,True,,spectral_log_ratio_4p5_8_over_8_16_scaled,hydro_2_5_scaled,lagged,,unique_split_backend_max_lag_grid,S2,60,[60],1,2019-12-10 13:00:00+00:00,7,4,14,0.05,0.2,0.01,0.05,fdr_bh,robust_parcorr,"[6, 12, 24]",0.21192568473272164,False,0.07750738647136741,False,0.17900705918742274,False,0.18477365575286,False,0.061064753077659434,False,HMML,Lagged,AIC,Hydrothermal RMS (2–5 Hz),Past-smoothed spectral contrast (4.5–8 / 8–16 Hz)
pcmci,pcmci,4,False,,,,,,,,,,,,,,,,,,,,,,,,,,,,,,,,,,,,GNSS_deformation_rate_scaled,,lagged,No B2 cause candidate remains after removing trigger.,unique_split_backend_max_lag_grid,S2,60,[60],1,2019-12-10 13:00:00+00:00,7,4,14,0.05,0.2,0.01,0.05,fdr_bh,robust_parcorr,"[6, 12, 24]",,False,,False,,False,,False,,False,PCMCI,Lagged,,,Lagged GNSS deformation change
pcmci,pcmci,5,False,,,,,,,,,,,,,,,,,,,,,,,,,,,,,,,,,,,,GNSS_deformation_rate_scaled,,lagged,No B2 cause candidate remains after removing trigger.,unique_split_backend_max_lag_grid,S2,60,[60],1,2019-12-10 13:00:00+00:00,7,4,14,0.05,0.2,0.01,0.05,fdr_bh,robust_parcorr,"[6, 12, 24]",,False,,False,,False,,False,,False,PCMCI,Lagged,,,Lagged GNSS deformation change
pcmci,pcmci,6,False,,,,,,,,,,,,,,,,,,,,,,,,,,,,,,,,,,,,GNSS_deformation_rate_scaled,,lagged,No B2 cause candidate remains after removing trigger.,unique_split_backend_max_lag_grid,S2,60,[60],1,2019-12-10 13:00:00+00:00,7,4,14,0.05,0.2,0.01,0.05,fdr_bh,robust_parcorr,"[6, 12, 24]",,False,,False,,False,,False,,False,PCMCI,Lagged,,,Lagged GNSS deformation change
pcmci,pcmci,7,True,6.5490437203120155,4.034309706802996,0.013566751010220948,8.244877027169725,7.290023389209165,0.11581175011027896,0.12667979722261966,False,1.1602011265762804,0.28669836702965434,0.07359710320253346,7.275115541723903,7.106842746601305,0.2071923671526809,53.0,49.0,,6.0,0.09303152259425183,0.7910985561691841,0.43269912589530324,False,,12.0,0.06662144894956569,1.1047058321749883,0.27468222627704786,False,,24.0,0.04454577748444813,1.6521678901715828,0.10489506735091203,False,,spectral_log_ratio_4p5_8_over_8_16_scaled,GNSS_deformation_rate_scaled,lagged,,unique_split_backend_max_lag_grid,S2,60,[60],1,2019-12-10 13:00:00+00:00,7,4,14,0.05,0.2,0.01,0.05,fdr_bh,robust_parcorr,"[6, 12, 24]",0.05200587887251363,False,0.43630465658418105,False,0.5769321678604044,False,0.3887809971921293,False,0.16562186161009906,False,PCMCI,Lagged,,Lagged GNSS deformation change,Past-smoothed spectral contrast (4.5–8 / 8–16 Hz)
pcmci,pcmci,7,True,5.083427583494287,4.034309706802996,0.028567042986240812,5.5904600294468,5.074538999023708,0.09228597069034848,-0.11682187899979814,False,1.6106874914959097,0.21039056145867205,-0.07167746496277791,4.912818995206947,4.756468301395626,0.042181949714872165,53.0,49.0,,6.0,0.04689282618290141,-1.528537961930598,0.1328093473201618,False,,12.0,0.042194467938127714,-1.6987408175849708,0.09570990511177384,False,,24.0,0.037519913471968404,-1.910384601934891,0.06194489500465936,False,,GNSS_deformation_rate_scaled,spectral_log_ratio_4p5_8_over_8_16_scaled,lagged,,unique_split_backend_max_lag_grid,S2,60,[60],1,2019-12-10 13:00:00+00:00,7,4,14,0.05,0.2,0.01,0.05,fdr_bh,robust_parcorr,"[6, 12, 24]",0.08619499887412767,False,0.3652062576263741,False,0.2599672330522316,False,0.18477365575286,False,0.11174373216526787,False,PCMCI,Lagged,,Past-smoothed spectral contrast (4.5–8 / 8–16 Hz),Lagged GNSS deformation change
pcmci,pcmci,12,False,,,,,,,,,,,,,,,,,,,,,,,,,,,,,,,,,,,,pressure_drop_scaled,,lagged,No B2 cause candidate remains after removing trigger.,unique_split_backend_max_lag_grid,S2,60,[60],1,2019-12-10 13:00:00+00:00,7,4,14,0.05,0.2,0.01,0.05,fdr_bh,robust_parcorr,"[6, 12, 24]",,False,,False,,False,,False,,False,PCMCI,Lagged,AIC,,Pressure drop
pcmci_plus_tau0,pcmci_plus,7,False,,,,,,,,,,,,,,,,,,,,,,,,,,,,,,,,,,,,spectral_log_ratio_4p5_8_over_8_16_scaled,,lagged,No B2 cause candidate remains after removing trigger.,unique_split_backend_max_lag_grid,S2,60,[60],1,2019-12-10 13:00:00+00:00,7,4,14,0.05,0.2,0.01,0.05,fdr_bh,robust_parcorr,"[6, 12, 24]",,False,,False,,False,,False,,False,PCMCI+ with eligible exploratory τ=0 triggers,Lagged,,,Past-smoothed spectral contrast (4.5–8 / 8–16 Hz)
pcmci_plus_tau0,pcmci_plus,9,False,,,,,,,,,,,,,,,,,,,,,,,,,,,,,,,,,,,,pressure_drop_scaled,,lagged,No B2 cause candidate remains after removing trigger.,unique_split_backend_max_lag_grid,S2,60,[60],1,2019-12-10 13:00:00+00:00,7,4,14,0.05,0.2,0.01,0.05,fdr_bh,robust_parcorr,"[6, 12, 24]",,False,,False,,False,,False,,False,PCMCI+ with eligible exploratory τ=0 triggers,Lagged,,,Pressure drop
hmml,hmml,1,False,,,,,,,,,,,,,,,,,,,,,,,,,,,,,,,,,,,,rainfall_mm_scaled,,lagged,No B2 cause candidate remains after removing trigger.,unique_split_backend_max_lag_grid,S3,36,"[36, 48]",2,2019-12-10 19:00:00+00:00,7,4,14,0.05,0.2,0.01,0.05,fdr_bh,robust_parcorr,"[6, 12, 24]",,False,,False,,False,,False,,False,HMML,Lagged,,,Rainfall
hmml,hmml,4,True,10.017932406256376,4.0470998945817005,0.002719485604878597,4.6363274853761505,3.8217343670071218,0.1756979249068166,0.11586498367993024,False,0.6053405316049045,0.4405312116918688,0.037442970545385826,3.4509507085004065,3.406127512004088,0.36619983891492,50.0,46.0,,6.0,0.03718296420028969,1.0069926201605548,0.3192061857996195,False,,12.0,0.04069885851505941,0.9200005088971024,0.3623720797997978,False,,24.0,0.040735045973232055,0.9191832156023703,0.36279478664137743,False,,spectral_log_ratio_4p5_8_over_8_16_scaled,hydro_2_5_scaled,lagged,,unique_split_backend_max_lag_grid,S3,36,"[36, 48]",2,2019-12-10 19:00:00+00:00,7,4,14,0.05,0.2,0.01,0.05,fdr_bh,robust_parcorr,"[6, 12, 24]",0.015637042228051932,True,0.6211951726869017,False,0.45179952451638455,False,0.48679492211984565,False,0.48914004888686763,False,HMML,Lagged,,Hydrothermal RMS (2–5 Hz),Past-smoothed spectral contrast (4.5–8 / 8–16 Hz)
hmml,hmml,4,False,4.023499818490564,4.0470998945817005,0.05064570197077294,3.282254330180447,3.0234294798918535,0.07885581806037686,0.2188500910108194,False,3.075009370883061,0.08616553788978511,0.1956385701277545,3.1572710242672164,2.959438398038529,0.28366760322533485,50.0,46.0,,6.0,0.13297895818520464,1.4711994498804957,0.1480455311654825,False,,12.0,0.1321672727135241,1.4802346005263047,0.14562764954038032,False,,24.0,0.13440477138361046,1.4555924474539228,0.15229658568734353,False,,GNSS_deformation_rate_scaled,hydro_2_5_scaled,lagged,,unique_split_backend_max_lag_grid,S3,36,"[36, 48]",2,2019-12-10 19:00:00+00:00,7,4,14,0.05,0.2,0.01,0.05,fdr_bh,robust_parcorr,"[6, 12, 24]",0.13312584518031745,False,0.19818073714650575,False,0.2779630381066202,False,0.24359534104936345,False,0.222401363225962,False,HMML,Lagged,,Hydrothermal RMS (2–5 Hz),Lagged GNSS deformation change
hmml,hmml,4,False,1.7831533506985053,4.0470998945817005,0.18819413057396203,2.9541148165993714,2.8461341025258347,0.03655264631787016,-0.12277740876521125,False,0.5681480544095437,0.4548368389365479,-0.060109827372721414,2.0510670276755314,2.026043276679982,-0.2080459018159012,50.0,46.0,,6.0,0.04919482462982891,-1.2218729881653907,0.22798037909609092,False,,12.0,0.04411721557999151,-1.3625027459798038,0.17967326659696636,False,,24.0,0.03595288109633252,-1.6719057149178818,0.10133277230569877,False,,hydro_2_5_scaled,spectral_log_ratio_4p5_8_over_8_16_scaled,lagged,,unique_split_backend_max_lag_grid,S3,36,"[36, 48]",2,2019-12-10 19:00:00+00:00,7,4,14,0.05,0.2,0.01,0.05,fdr_bh,robust_parcorr,"[6, 12, 24]",0.35334408189396954,False,0.6236382170737693,False,0.36162404960069594,False,0.2754990087820151,False,0.16562186161009906,False,HMML,Lagged,,Past-smoothed spectral contrast (4.5–8 / 8–16 Hz),Hydrothermal RMS (2–5 Hz)
hmml,hmml,5,False,1.6543387936332383,4.051748692149202,0.20480583553440548,2.390711939718457,2.3077174505197773,0.03471538658415428,-0.19206389173788102,True,5.695406291168325,0.021275090679814514,-0.49096493151396653,2.3796365524131247,2.112294834832909,0.321575475555293,49.0,45.0,,6.0,0.19838739903122005,-2.4747788111114044,0.01716599513692376,True,,12.0,0.1334512381430278,-3.678983712296244,0.0006231958171645185,True,,24.0,0.09749206270877167,-5.035947726130046,8.160570740476098e-06,True,,GNSS_deformation_rate_scaled,hydro_2_5_scaled,lagged,,unique_split_backend_max_lag_grid,S3,36,"[36, 48]",2,2019-12-10 19:00:00+00:00,7,4,14,0.05,0.2,0.01,0.05,fdr_bh,robust_parcorr,"[6, 12, 24]",0.3768427373833061,False,0.07794362894400741,False,0.06317086210387944,False,0.0030175797462702997,True,4.692328175773756e-05,True,HMML,Lagged,,Hydrothermal RMS (2–5 Hz),Lagged GNSS deformation change
hmml,hmml,5,False,0.2873524797307616,4.051748692149202,0.5945049422129625,2.796950783180029,2.7795872767322662,0.006208012866075961,0.01799456891450202,False,0.40817533264492,0.5261358060813464,-0.02847202551044087,2.6617659471247785,2.6378392600704874,0.4945735652609957,49.0,45.0,,6.0,0.04362838078813569,-0.652603305373725,0.5173321968435263,False,,12.0,0.04632707992667604,-0.614587095830448,0.5419226664606638,False,,24.0,0.039439689590264664,-0.7219130222938909,0.47408271175119654,False,,spectral_log_ratio_4p5_8_over_8_16_scaled,hydro_2_5_scaled,lagged,,unique_split_backend_max_lag_grid,S3,36,"[36, 48]",2,2019-12-10 19:00:00+00:00,7,4,14,0.05,0.2,0.01,0.05,fdr_bh,robust_parcorr,"[6, 12, 24]",0.6923348694125638,False,0.6722846411039426,False,0.6610355848556169,False,0.6688971840896268,False,0.5815414597481344,False,HMML,Lagged,,Hydrothermal RMS (2–5 Hz),Past-smoothed spectral contrast (4.5–8 / 8–16 Hz)
hmml,hmml,5,False,0.08162498024223674,4.051748692149202,0.7763898681290013,1.6702020329481775,1.6672435824161402,0.0017713129751225987,-0.022757738180924733,False,0.03683779916066204,0.8486591436380904,-0.014469128206449855,1.4593209254172128,1.4581272765335767,-0.10503947197913845,49.0,45.0,,6.0,0.0769345041601474,-0.18807072800951335,0.8516667441384671,False,,12.0,0.06205081918981882,-0.23318190469311195,0.8166776082660812,False,,24.0,0.045995451468037706,-0.31457737112341355,0.7545365219589306,False,,hydro_2_5_scaled,spectral_log_ratio_4p5_8_over_8_16_scaled,lagged,,unique_split_backend_max_lag_grid,S3,36,"[36, 48]",2,2019-12-10 19:00:00+00:00,7,4,14,0.05,0.2,0.01,0.05,fdr_bh,robust_parcorr,"[6, 12, 24]",0.8210099754927371,False,0.8933169857742932,False,0.8965426032118136,False,0.8786922306980922,False,0.8577142074101031,False,HMML,Lagged,,Past-smoothed spectral contrast (4.5–8 / 8–16 Hz),Hydrothermal RMS (2–5 Hz)
hmml,hmml,6,False,0.19853028266433004,4.056612461101311,0.658046095955841,2.5334425033590424,2.5223145960319626,0.0043924057136980705,0.06592963242563474,True,5.768762235520338,0.0206026612773073,-0.5266070688527347,2.258945026922885,1.997107758361509,0.1628112545721939,48.0,44.0,,6.0,0.1383183358708485,-3.8072108483465397,0.0004314588775607384,True,,12.0,0.09439315905833454,-5.578868999683483,1.3978414132200439e-06,True,,24.0,0.06781145411000232,-7.7657539683264085,8.772886123963737e-10,True,,GNSS_deformation_rate_scaled,hydro_2_5_scaled,lagged,,unique_split_backend_max_lag_grid,S3,36,"[36, 48]",2,2019-12-10 19:00:00+00:00,7,4,14,0.05,0.2,0.01,0.05,fdr_bh,robust_parcorr,"[6, 12, 24]",0.7458014618588458,False,0.07794362894400741,False,0.0036085651577807214,True,2.5720282003248808e-05,True,1.3451758723411064e-08,True,HMML,Lagged,,Hydrothermal RMS (2–5 Hz),Lagged GNSS deformation change
hmml,hmml,6,False,0.1068546775444078,4.056612461101311,0.745269534697012,2.1118987260714093,2.106895800041784,0.002368923266946462,0.010217756929402579,False,0.3023401003626023,0.5851995551010357,-0.021878227338040977,2.0442117955500234,2.0302611284288536,0.3930040056661379,48.0,44.0,,6.0,0.035057021608360314,-0.6240754728811163,0.5358004781851411,False,,12.0,0.037051256683401756,-0.5904854327880867,0.5578861315992145,False,,24.0,0.029746936951989475,-0.7354783241498671,0.4659508120806284,False,,spectral_log_ratio_4p5_8_over_8_16_scaled,hydro_2_5_scaled,lagged,,unique_split_backend_max_lag_grid,S3,36,"[36, 48]",2,2019-12-10 19:00:00+00:00,7,4,14,0.05,0.2,0.01,0.05,fdr_bh,robust_parcorr,"[6, 12, 24]",0.7972650836293617,False,0.7074110736572213,False,0.6752553971648353,False,0.6688971840896268,False,0.5792901988029434,False,HMML,Lagged,,Hydrothermal RMS (2–5 Hz),Past-smoothed spectral contrast (4.5–8 / 8–16 Hz)
hmml,hmml,6,False,1.3779197220364348,4.056612461101311,0.24663113035127954,1.3959843119662887,1.354508663066111,0.029710684099134296,0.08528957448070398,False,1.220285369200758,0.2753089814730516,0.07940699816832238,1.3280586262752174,1.292220495271553,-0.007943980972447579,48.0,44.0,,6.0,0.0526009161383301,1.5096124554085242,0.13829066195782752,False,,12.0,0.04162985427149281,1.9074531861308606,0.06300258933683629,False,,24.0,0.03736133976886339,2.125378764775975,0.03920621181406215,True,,hydro_2_5_scaled,spectral_log_ratio_4p5_8_over_8_16_scaled,lagged,,unique_split_backend_max_lag_grid,S3,36,"[36, 48]",2,2019-12-10 19:00:00+00:00,7,4,14,0.05,0.2,0.01,0.05,fdr_bh,robust_parcorr,"[6, 12, 24]",0.40517971414853066,False,0.4358963867128424,False,0.26505710208583605,False,0.1471500739645334,False,0.08204136866108981,False,HMML,Lagged,,Past-smoothed spectral contrast (4.5–8 / 8–16 Hz),Hydrothermal RMS (2–5 Hz)
hmml,hmml,7,True,35.424573603862015,4.061706460119338,3.9716376423107947e-07,19.821506221667878,10.98081153199894,0.446015282128496,0.6117475930930935,True,16.016592674467997,0.00024352343784502585,-1.0150064468317785,7.378489980790389,5.376031634426221,0.30321632138111076,47.0,43.0,,6.0,0.15741511173056286,-6.447960654305533,8.149534642078346e-08,True,,12.0,0.13743990871754108,-7.385092556469633,3.579168093241028e-09,True,,24.0,0.11481065620862134,-8.840698941633258,3.163821213678297e-11,True,,GNSS_deformation_rate_scaled,hydro_2_5_scaled,lagged,,unique_split_backend_max_lag_grid,S3,36,"[36, 48]",2,2019-12-10 19:00:00+00:00,7,4,14,0.05,0.2,0.01,0.05,fdr_bh,robust_parcorr,"[6, 12, 24]",1.0231815941324796e-05,True,0.003200593754534625,True,3.748785935356039e-06,True,1.646417322890873e-07,True,9.702385055280111e-10,True,HMML,Lagged,,Hydrothermal RMS (2–5 Hz),Lagged GNSS deformation change
hmml,hmml,7,True,34.2493286375917,4.061706460119338,5.560769533328693e-07,8.949592605580142,5.032401957968361,0.4376948560953916,-0.3763729253910095,False,0.03404570164072878,0.8544771168275848,-0.022238259810218278,3.993616235063473,3.990456749019581,0.013805764652514577,47.0,43.0,,6.0,0.09650424819035817,-0.23043814367998072,0.8188441621249284,False,,12.0,0.08310104364590012,-0.26760506047285276,0.7902827881489012,False,,24.0,0.08029125898043633,-0.27696987309212356,0.7831303632874854,False,,hydro_2_5_scaled,spectral_log_ratio_4p5_8_over_8_16_scaled,lagged,,unique_split_backend_max_lag_grid,S3,36,"[36, 48]",2,2019-12-10 19:00:00+00:00,7,4,14,0.05,0.2,0.01,0.05,fdr_bh,robust_parcorr,"[6, 12, 24]",1.0231815941324796e-05,True,0.8933169857742932,False,0.8965426032118136,False,0.8786922306980922,False,0.8577142074101031,False,HMML,Lagged,,Past-smoothed spectral contrast (4.5–8 / 8–16 Hz),Hydrothermal RMS (2–5 Hz)
hmml,hmml,7,False,0.13223341581107212,4.061706460119338,0.7178689679578215,2.016921798893061,2.0108784958864225,0.002996300109382123,-0.006143715946001915,False,3.1923688267282615,0.0810340093894858,0.030360657712274235,1.551390099131267,1.4441730518925942,-0.3237301763732459,47.0,43.0,,6.0,0.009324413942803436,3.2560392426278466,0.0022069542536568526,True,,12.0,0.006677497956108491,4.546711644366837,4.3986712815851594e-05,True,,24.0,0.00574768479150066,5.282241252542207,3.997405659180702e-06,True,,pressure_drop_scaled,hydro_2_5_scaled,lagged,,unique_split_backend_max_lag_grid,S3,36,"[36, 48]",2,2019-12-10 19:00:00+00:00,7,4,14,0.05,0.2,0.01,0.05,fdr_bh,robust_parcorr,"[6, 12, 24]",0.7957101813508384,False,0.19115715035468442,False,0.013535986089095363,True,0.0003372314649215289,True,2.8289332357278817e-05,True,HMML,Lagged,,Hydrothermal RMS (2–5 Hz),Pressure drop
hmml,hmml,7,False,3.4114329927732716,4.061706460119338,0.07147770133271546,40.75055895141141,37.81840118891588,0.07195380475619166,-0.16986989610740663,False,0.004913290323918757,0.9444431309715853,-0.013864625426960733,37.13640992840941,37.13216711172624,0.874944084769153,47.0,43.0,,6.0,0.20271712130268735,-0.06839395379070497,0.9457890904677522,False,,12.0,0.13357156986643967,-0.1037992249460285,0.9178113072014736,False,,24.0,0.09620904899347081,-0.14410936987748055,0.8860873961924484,False,,rainfall_mm_scaled,hydro_2_5_scaled,lagged,,unique_split_backend_max_lag_grid,S3,36,"[36, 48]",2,2019-12-10 19:00:00+00:00,7,4,14,0.05,0.2,0.01,0.05,fdr_bh,robust_parcorr,"[6, 12, 24]",0.16861406468230314,False,0.954821626916328,False,0.9457890904677521,False,0.9178113072014736,False,0.8860873961924484,False,HMML,Lagged,,Hydrothermal RMS (2–5 Hz),Rainfall
hmml,hmml,7,False,0.4424822190517116,4.061706460119338,0.5093987617822553,12.592063922413756,12.4666936886053,0.009956289499555163,0.07098395762245854,False,0.04093674732245725,0.8406143228700143,0.012058788741797263,3.766692677761495,3.7631101315149738,0.6054146079290039,47.0,43.0,,6.0,0.05632387459952813,0.21409728694158922,0.8314832162446995,False,,12.0,0.05867413073284462,0.2055213872141269,0.8381346858646854,False,,24.0,0.057865802526440295,0.20839231835223074,0.8359066317757082,False,,spectral_log_ratio_4p5_8_over_8_16_scaled,hydro_2_5_scaled,lagged,,unique_split_backend_max_lag_grid,S3,36,"[36, 48]",2,2019-12-10 19:00:00+00:00,7,4,14,0.05,0.2,0.01,0.05,fdr_bh,robust_parcorr,"[6, 12, 24]",0.6419820011502395,False,0.8933169857742932,False,0.8965426032118136,False,0.8786922306980922,False,0.8640832598130918,False,HMML,Lagged,,Hydrothermal RMS (2–5 Hz),Past-smoothed spectral contrast (4.5–8 / 8–16 Hz)
hmml,hmml,8,False,3.0593120026759366,4.067047426426355,0.08741106707367988,4.590604990864793,4.2856917748948975,0.06642113982289179,0.28001040726483073,False,3.5693377225293093,0.06577266522095562,-0.5347428604664602,3.6725341433002425,3.384873288214398,0.35460365147330725,46.0,42.0,,6.0,0.26258002457183666,-2.036494822248618,0.048037610787633384,True,,12.0,0.24556189517115384,-2.1776296362827408,0.035100864114346916,True,,24.0,0.16968379677889261,-3.151407916474546,0.002994144770531862,True,,GNSS_deformation_rate_scaled,hydro_2_5_scaled,lagged,,unique_split_backend_max_lag_grid,S3,36,"[36, 48]",2,2019-12-10 19:00:00+00:00,7,4,14,0.05,0.2,0.01,0.05,fdr_bh,robust_parcorr,"[6, 12, 24]",0.1870190272274081,False,0.16808570000910883,False,0.14731533974874236,False,0.09785695450060353,False,0.010460530115180795,True,HMML,Lagged,,Hydrothermal RMS (2–5 Hz),Lagged GNSS deformation change
hmml,hmml,8,False,0.39194152374568597,4.067047426426355,0.5345899071816849,14.514352649236843,14.383250483863325,0.009032587848856704,-0.03604323193392653,False,1.7397334187082083,0.19431912346693458,-0.08185411280771111,13.96429818102624,13.408872843112622,0.7792889182548155,46.0,42.0,,6.0,0.07443967140997451,-1.0996033601075663,0.2777680506188206,False,,12.0,0.048051761810129975,-1.703457058060567,0.0958724097995181,False,,24.0,0.039662381084906745,-2.0637720320543274,0.04525382776290301,True,,rainfall_mm_scaled,hydro_2_5_scaled,lagged,,unique_split_backend_max_lag_grid,S3,36,"[36, 48]",2,2019-12-10 19:00:00+00:00,7,4,14,0.05,0.2,0.01,0.05,fdr_bh,robust_parcorr,"[6, 12, 24]",0.6471351507988817,False,0.3437953722876535,False,0.40620082920537187,False,0.18477365575286,False,0.09050765552580602,False,HMML,Lagged,,Hydrothermal RMS (2–5 Hz),Rainfall
hmml,hmml,8,False,0.1215749108631635,4.067047426426355,0.7290341265921942,8.815211220346859,8.790358034428465,0.00281935228744478,0.02386641439087355,False,0.09035229086746696,0.7652127088933265,0.018311330679834925,6.810794664437312,6.796174428039496,0.5866948789856467,46.0,42.0,,6.0,0.08234196276073155,0.2223815180729151,0.8250947896055212,False,,12.0,0.09598064568155128,0.19078149089128915,0.8496160199057479,False,,24.0,0.1040552256514531,0.1759770407030895,0.8611577390664471,False,,spectral_log_ratio_4p5_8_over_8_16_scaled,hydro_2_5_scaled,lagged,,unique_split_backend_max_lag_grid,S3,36,"[36, 48]",2,2019-12-10 19:00:00+00:00,7,4,14,0.05,0.2,0.01,0.05,fdr_bh,robust_parcorr,"[6, 12, 24]",0.7972650836293617,False,0.8799946152273254,False,0.8965426032118136,False,0.8786922306980922,False,0.8709750989396701,False,HMML,Lagged,,Hydrothermal RMS (2–5 Hz),Past-smoothed spectral contrast (4.5–8 / 8–16 Hz)
hmml,hmml,8,False,3.117730399406867,4.067047426426355,0.08454455496056038,10.244541343786963,9.551972180064286,0.0676037257776017,-0.20545986341755107,False,0.33512109367509707,0.5657509362586239,0.07657249103016378,7.50434680083513,7.444943051837969,0.3939733781054298,46.0,42.0,,6.0,0.12965078017009102,0.5906057096587236,0.5579495249011249,False,,12.0,0.12022063553293233,0.6369330081372602,0.5276251337247793,False,,24.0,0.09889966886297223,0.7742441598692987,0.44312318251240235,False,,hydro_2_5_scaled,spectral_log_ratio_4p5_8_over_8_16_scaled,lagged,,unique_split_backend_max_lag_grid,S3,36,"[36, 48]",2,2019-12-10 19:00:00+00:00,7,4,14,0.05,0.2,0.01,0.05,fdr_bh,robust_parcorr,"[6, 12, 24]",0.1851928346755132,False,0.6939878151439121,False,0.6936669769041013,False,0.6649522233243793,False,0.5662129554325142,False,HMML,Lagged,,Past-smoothed spectral contrast (4.5–8 / 8–16 Hz),Hydrothermal RMS (2–5 Hz)
hmml,hmml,9,False,1.2834709037424186,4.072653759250596,0.2636807547858866,9.227758252917148,8.95413049208607,0.029652679809267463,-0.058152396906867625,True,5.899674407015222,0.01961393185191529,-0.1220017545565155,8.125710831463984,7.103549188823161,0.6654272853465999,45.0,41.0,,6.0,0.05300654088091526,-2.301635845859197,0.02651054560838118,True,,12.0,0.02871488020914598,-4.248729358016152,0.00012063503946860796,True,,24.0,0.024635466626010318,-4.952281051080441,1.3075598533288388e-05,True,,rainfall_mm_scaled,hydro_2_5_scaled,lagged,,unique_split_backend_max_lag_grid,S3,36,"[36, 48]",2,2019-12-10 19:00:00+00:00,7,4,14,0.05,0.2,0.01,0.05,fdr_bh,robust_parcorr,"[6, 12, 24]",0.4140099097652682,False,0.07794362894400741,False,0.09033222948040995,False,0.0007927445450794238,True,7.076206265073716e-05,True,HMML,Lagged,,Hydrothermal RMS (2–5 Hz),Rainfall
hmml,hmml,9,False,0.5434356256939334,4.072653759250596,0.4651108416274188,4.6501282760991876,4.590729091898069,0.012773665730130356,0.05005481078186717,False,0.938223236144374,0.3384147019742494,0.06637912550960456,4.511307473717446,4.410382513844906,0.16245208589802543,45.0,41.0,,6.0,0.09143482349505411,0.7259720418577189,0.47198000134338425,False,,12.0,0.10379410245020464,0.6395269475108187,0.5260376306229484,False,,24.0,0.11301608125864497,0.5873423035938703,0.5601947120130633,False,,spectral_log_ratio_4p5_8_over_8_16_scaled,hydro_2_5_scaled,lagged,,unique_split_backend_max_lag_grid,S3,36,"[36, 48]",2,2019-12-10 19:00:00+00:00,7,4,14,0.05,0.2,0.01,0.05,fdr_bh,robust_parcorr,"[6, 12, 24]",0.6026788370383455,False,0.5021637513166282,False,0.6203165731941622,False,0.6649522233243793,False,0.6693235520156081,False,HMML,Lagged,,Hydrothermal RMS (2–5 Hz),Past-smoothed spectral contrast (4.5–8 / 8–16 Hz)
hmml,hmml,9,False,0.7193581089703383,4.072653759250596,0.4011624802172845,5.799492784892174,5.701834197605229,0.01683916006264348,0.1348839289121818,False,0.5539572703852729,0.46094998653278596,0.1174300316149754,5.51746727712114,5.4439137261949,0.2095254644672288,45.0,41.0,,6.0,0.09559544420541509,1.2284061504295354,0.2262994434833478,False,,12.0,0.06746891479601037,1.7405057124458057,0.08927163755346806,False,,24.0,0.048259162084972815,2.433320980754064,0.019407768036792047,True,,hydro_2_5_scaled,spectral_log_ratio_4p5_8_over_8_16_scaled,lagged,,unique_split_backend_max_lag_grid,S3,36,"[36, 48]",2,2019-12-10 19:00:00+00:00,7,4,14,0.05,0.2,0.01,0.05,fdr_bh,robust_parcorr,"[6, 12, 24]",0.5427492379410319,False,0.6236382170737693,False,0.36162404960069594,False,0.18477365575286,False,0.04959762942735745,True,HMML,Lagged,,Past-smoothed spectral contrast (4.5–8 / 8–16 Hz),Hydrothermal RMS (2–5 Hz)
hmml,hmml,10,True,4.778386271271003,4.078545731291291,0.03458462713002266,35.117440145688704,31.451852353231967,0.10438083690752026,-0.1813563377834022,True,4.427495330497359,0.04169690342657635,-0.15021892139153134,24.936655366623935,22.45155184294723,0.7996708664293625,44.0,40.0,,6.0,0.07152103107988475,-2.100346137680058,0.04204986733625353,True,,12.0,0.05984274990412074,-2.510227581991304,0.016211543648945555,True,,24.0,0.04786093103955108,-3.1386543915619645,0.003183639600272416,True,,rainfall_mm_scaled,hydro_2_5_scaled,lagged,,unique_split_backend_max_lag_grid,S3,36,"[36, 48]",2,2019-12-10 19:00:00+00:00,7,4,14,0.05,0.2,0.01,0.05,fdr_bh,robust_parcorr,"[6, 12, 24]",0.09641774836248741,False,0.11624591258318255,False,0.13339957913570086,False,0.05022280401639502,False,0.010460530115180795,True,HMML,Lagged,,Hydrothermal RMS (2–5 Hz),Rainfall
hmml,hmml,10,False,0.8469318004569859,4.078545731291291,0.36280505522069895,4.421823166910126,4.332330759822524,0.020238802799103593,-0.07036959052095611,False,3.426267033983526,0.07156085351936554,-0.15314632054359067,4.214210808909426,3.881715926088297,0.23720357153163266,44.0,40.0,,6.0,0.1486268031753652,-1.0304084947779768,0.3090087616536598,False,,12.0,0.16716905459761663,-0.9161164481800815,0.36509619158988427,False,,24.0,0.16778993627444128,-0.9127264956647987,0.36685503666515074,False,,spectral_log_ratio_4p5_8_over_8_16_scaled,hydro_2_5_scaled,lagged,,unique_split_backend_max_lag_grid,S3,36,"[36, 48]",2,2019-12-10 19:00:00+00:00,7,4,14,0.05,0.2,0.01,0.05,fdr_bh,robust_parcorr,"[6, 12, 24]",0.5229566370639719,False,0.17793509523734136,False,0.44420009487713596,False,0.48679492211984565,False,0.48914004888686763,False,HMML,Lagged,,Hydrothermal RMS (2–5 Hz),Past-smoothed spectral contrast (4.5–8 / 8–16 Hz)
hmml,hmml,10,False,1.4206651971964628,4.078545731291291,0.2401475264301599,5.521389315545638,5.3364783622566145,0.03348993210248747,0.18141241984833414,False,2.952225722366236,0.093492151435816,0.25539460149452214,5.075865895530981,4.726987540380575,0.43323156157067805,44.0,40.0,,6.0,0.10648143891129626,2.398489390317848,0.021216873932721134,True,,12.0,0.09148613774394951,2.791620761271156,0.008002151586938117,True,,24.0,0.07062519873180073,3.616196571203763,0.0008280550924792535,True,,hydro_2_5_scaled,spectral_log_ratio_4p5_8_over_8_16_scaled,lagged,,unique_split_backend_max_lag_grid,S3,36,"[36, 48]",2,2019-12-10 19:00:00+00:00,7,4,14,0.05,0.2,0.01,0.05,fdr_bh,robust_parcorr,"[6, 12, 24]",0.401701316937722,False,0.2097872666364652,False,0.07507509237732093,False,0.030674914416596116,True,0.003312220369917014,True,HMML,Lagged,,Past-smoothed spectral contrast (4.5–8 / 8–16 Hz),Hydrothermal RMS (2–5 Hz)
hmml,hmml,11,False,1.449044524765578,4.084745733301651,0.2357569252510071,1.5954145710343874,1.5396394192692533,0.034959660503145785,-0.08585375599646419,True,20.484633724172216,5.516500326554529e-05,-0.298185508709963,1.3040161534362498,0.8549540746915216,0.18888440555420247,43.0,39.0,,6.0,0.1046440913258638,-2.849520741514276,0.006958517205060158,True,,12.0,0.10970609342246829,-2.718039622117228,0.009747069801751967,True,,24.0,0.10534978069508154,-2.830433122333822,0.007311040032029916,True,,spectral_log_ratio_4p5_8_over_8_16_scaled,hydro_2_5_scaled,lagged,,unique_split_backend_max_lag_grid,S3,36,"[36, 48]",2,2019-12-10 19:00:00+00:00,7,4,14,0.05,0.2,0.01,0.05,fdr_bh,robust_parcorr,"[6, 12, 24]",0.40165994672393807,False,0.0008458633834050278,True,0.03200917914327673,True,0.033212237843006705,True,0.021019240092086007,True,HMML,Lagged,,Hydrothermal RMS (2–5 Hz),Past-smoothed spectral contrast (4.5–8 / 8–16 Hz)
hmml,hmml,11,False,0.9863806083356361,4.084745733301651,0.3265988551486675,2.5776112819421475,2.515578339618428,0.02406605788789826,0.1342798096410001,False,2.574099172861959,0.1166946207852595,0.2162154246196885,2.393254231566578,2.245073660959164,-0.036725962320302105,43.0,39.0,,6.0,0.07769499098464704,2.782874698607197,0.008263034899471482,True,,12.0,0.060162153718343346,3.59387773303343,0.0009024019593905051,True,,24.0,0.041839205000743555,5.1677708650498015,7.366561127494545e-06,True,,hydro_2_5_scaled,spectral_log_ratio_4p5_8_over_8_16_scaled,lagged,,unique_split_backend_max_lag_grid,S3,36,"[36, 48]",2,2019-12-10 19:00:00+00:00,7,4,14,0.05,0.2,0.01,0.05,fdr_bh,robust_parcorr,"[6, 12, 24]",0.5007849112279569,False,0.23857566916097497,False,0.03455450957960802,True,0.004151049013196324,True,4.5181574915299876e-05,True,HMML,Lagged,,Past-smoothed spectral contrast (4.5–8 / 8–16 Hz),Hydrothermal RMS (2–5 Hz)
hmml,hmml,12,True,5.445300500098575,4.091278557999154,0.024868893511348602,4.422474013711142,3.8806462009262823,0.12251690142327866,-0.2742014240388539,True,25.187214021388314,1.2523499572240057e-05,-0.4792553551844009,3.5400824996113536,2.128961326569906,0.4477646678947388,42.0,38.0,,6.0,0.16548041144015796,-2.896145537792019,0.0062332866358192915,True,,12.0,0.17517285724189036,-2.7358996292594187,0.009404068511900196,True,,24.0,0.15855600962795302,-3.022624978447423,0.004470050656257902,True,,spectral_log_ratio_4p5_8_over_8_16_scaled,hydro_2_5_scaled,lagged,,unique_split_backend_max_lag_grid,S3,36,"[36, 48]",2,2019-12-10 19:00:00+00:00,7,4,14,0.05,0.2,0.01,0.05,fdr_bh,robust_parcorr,"[6, 12, 24]",0.07889442079462315,False,0.00038405398688202844,True,0.03185902058307638,True,0.033212237843006705,True,0.01418085035778369,True,HMML,Lagged,AIC,Hydrothermal RMS (2–5 Hz),Past-smoothed spectral contrast (4.5–8 / 8–16 Hz)
hmml,hmml,12,False,1.5077028511896888,4.091278557999154,0.2268494015729512,5.589465134511954,5.381424393448763,0.0372201518493515,0.27047064785518155,False,1.3034175315409608,0.26073333380203234,0.24990012158919728,5.327542893108019,5.150865819127343,0.5356425544229305,42.0,38.0,,6.0,0.17836090895179582,1.4010924426087994,0.16930066649963602,False,,12.0,0.15468283434960206,1.615564665852919,0.11446205000212434,False,,24.0,0.11758796116542627,2.125218594764393,0.040128930323359145,True,,hydro_2_5_scaled,spectral_log_ratio_4p5_8_over_8_16_scaled,lagged,,unique_split_backend_max_lag_grid,S3,36,"[36, 48]",2,2019-12-10 19:00:00+00:00,7,4,14,0.05,0.2,0.01,0.05,fdr_bh,robust_parcorr,"[6, 12, 24]",0.4013489412444521,False,0.4208327492945083,False,0.3054051238816963,False,0.21019486605451207,False,0.08204136866108981,False,HMML,Lagged,AIC,Past-smoothed spectral contrast (4.5–8 / 8–16 Hz),Hydrothermal RMS (2–5 Hz)
pcmci,pcmci,4,True,16.212512569326616,4.0470998945817005,0.000204972416709933,5.3636434380998645,3.9879959100537157,0.25647631948731636,0.17241147652113775,True,5.563171798766958,0.02264644459241613,0.12095335080584507,4.193574892149886,3.7411283734005623,0.5463937120820725,50.0,46.0,,6.0,0.060135110795812165,2.0113599061377023,0.05016786925878128,False,,12.0,0.05223294695655599,2.315652434974544,0.02508903893317107,True,,24.0,0.042541022691990296,2.843216809374411,0.006640396969847207,True,,spectral_log_ratio_4p5_8_over_8_16_scaled,GNSS_deformation_rate_scaled,lagged,,unique_split_backend_max_lag_grid,S3,36,"[36, 48]",2,2019-12-10 19:00:00+00:00,7,4,14,0.05,0.2,0.01,0.05,fdr_bh,robust_parcorr,"[6, 12, 24]",0.0014505740259472182,True,0.07794362894400741,False,0.14888528941315735,False,0.0744577929629593,False,0.01970698455567558,True,PCMCI,Lagged,,Lagged GNSS deformation change,Past-smoothed spectral contrast (4.5–8 / 8–16 Hz)
pcmci,pcmci,4,False,3.697628749347377,4.0470998945817005,0.060560829516379214,3.1960533547719105,2.9629493800775344,0.07293494470182643,0.16556085754401878,False,2.755296007716651,0.10373596580181585,0.1525487339189684,3.1276688667041066,2.9509156881258134,0.49089623718445874,50.0,46.0,,6.0,0.03687686160602351,4.136705979720652,0.00014815305548977696,True,,12.0,0.03283600582067586,4.645776187032863,2.8551400703657333e-05,True,,24.0,0.0225400451784065,6.767898321034024,2.03269278565052e-08,True,,GNSS_deformation_rate_scaled,spectral_log_ratio_4p5_8_over_8_16_scaled,lagged,,unique_split_backend_max_lag_grid,S3,36,"[36, 48]",2,2019-12-10 19:00:00+00:00,7,4,14,0.05,0.2,0.01,0.05,fdr_bh,robust_parcorr,"[6, 12, 24]",0.15058368420288887,False,0.22723116318492995,False,0.0019195486163735604,True,0.00026267288647364745,True,2.3375967034980983e-07,True,PCMCI,Lagged,,Past-smoothed spectral contrast (4.5–8 / 8–16 Hz),Lagged GNSS deformation change
pcmci,pcmci,6,False,,,,,,,,,,,,,,,,,,,,,,,,,,,,,,,,,,,,pressure_drop_scaled,,lagged,No B2 cause candidate remains after removing trigger.,unique_split_backend_max_lag_grid,S3,36,"[36, 48]",2,2019-12-10 19:00:00+00:00,7,4,14,0.05,0.2,0.01,0.05,fdr_bh,robust_parcorr,"[6, 12, 24]",,False,,False,,False,,False,,False,PCMCI,Lagged,,,Pressure drop
pcmci,pcmci,7,False,,,,,,,,,,,,,,,,,,,,,,,,,,,,,,,,,,,,pressure_drop_scaled,,lagged,No B2 cause candidate remains after removing trigger.,unique_split_backend_max_lag_grid,S3,36,"[36, 48]",2,2019-12-10 19:00:00+00:00,7,4,14,0.05,0.2,0.01,0.05,fdr_bh,robust_parcorr,"[6, 12, 24]",,False,,False,,False,,False,,False,PCMCI,Lagged,,,Pressure drop
pcmci,pcmci,9,False,,,,,,,,,,,,,,,,,,,,,,,,,,,,,,,,,,,,pressure_drop_scaled,,lagged,No B2 cause candidate remains after removing trigger.,unique_split_backend_max_lag_grid,S3,36,"[36, 48]",2,2019-12-10 19:00:00+00:00,7,4,14,0.05,0.2,0.01,0.05,fdr_bh,robust_parcorr,"[6, 12, 24]",,False,,False,,False,,False,,False,PCMCI,Lagged,,,Pressure drop
pcmci,pcmci,12,False,,,,,,,,,,,,,,,,,,,,,,,,,,,,,,,,,,,,GNSS_deformation_rate_scaled,,lagged,No B2 cause candidate remains after removing trigger.,unique_split_backend_max_lag_grid,S3,36,"[36, 48]",2,2019-12-10 19:00:00+00:00,7,4,14,0.05,0.2,0.01,0.05,fdr_bh,robust_parcorr,"[6, 12, 24]",,False,,False,,False,,False,,False,PCMCI,Lagged,AIC,,Lagged GNSS deformation change
pcmci_plus_tau0,pcmci_plus,6,False,,,,,,,,,,,,,,,,,,,,,,,,,,,,,,,,,,,,pressure_drop_scaled,,lagged,No B2 cause candidate remains after removing trigger.,unique_split_backend_max_lag_grid,S3,36,"[36, 48]",2,2019-12-10 19:00:00+00:00,7,4,14,0.05,0.2,0.01,0.05,fdr_bh,robust_parcorr,"[6, 12, 24]",,False,,False,,False,,False,,False,PCMCI+ with eligible exploratory τ=0 triggers,Lagged,,,Pressure drop
